"dataset1_openml_id","dataset1_name","attr1_name","attr1_type_converted","dataset2_openml_id","dataset2_name","attr2_name","attr2_type_converted","distinct_values_cnt","distinct_values_pct","missing_values_pct","mean","sd","min_val","max_val","range_val","co_of_var","name_dist","similarity_score","attributes_match"
37,"diabetes","mass",0,455,"cars","horsepower",0,0.68,0.985632000486903,0,0.702116539430893,0.544635676494182,1,0.733333333333333,0.749333333333333,0.345834872886566,1,0.46,"0"
37,"diabetes","mass",0,455,"cars","weight",0,0.68,0.985632000486903,0,0.82964266963644,0.736361416002543,1,0.733333333333333,0.749333333333333,0.353822464904441,1,0.52,"1"
37,"diabetes","mass",0,455,"cars","acceleration",0,0.68,0.985632000486903,0,0.765992952200313,0.567546989044438,1,0.733333333333333,0.749333333333333,0.458884452480472,0.533333333333333,0.48,"0"
37,"diabetes","mass",0,455,"cars","model.year",0,0.68,0.985632000486903,0,0.776908301096738,0.614746631920885,1,0.733333333333333,0.749333333333333,0.420922132321377,0.366666666666667,0.46,"0"
37,"diabetes","mass",0,455,"cars","origin",0,0.68,0.985632000486903,0,0.658128842428276,0.602271154048096,1,0.733333333333333,0.749333333333333,0.140441632405348,0.533333333333333,0.51,"0"
37,"diabetes","mass",0,549,"strikes","country_code",0,0.68,0.985632000486903,0,0.826236807328226,0.569993556459279,1,0.733333333333333,0.749333333333333,0.595905607271862,1,0.48,"0"
37,"diabetes","mass",0,549,"strikes","year",0,0.68,0.985632000486903,0,0.840203054780336,0.625343768427755,1,0.733333333333333,0.749333333333333,0.573483818622004,1,0.44,"0"
37,"diabetes","mass",0,549,"strikes","strike_volume",0,0.68,0.985632000486903,0,0.74105582729706,0.67732642720591,1,0.733333333333333,0.749333333333333,0.197504244116756,1,0.44,"0"
37,"diabetes","mass",0,549,"strikes","unemployment",0,0.68,0.985632000486903,0,0.768559567112505,0.634072619295599,1,0.733333333333333,0.749333333333333,0.36752359869333,1,0.51,"0"
37,"diabetes","mass",0,549,"strikes","inflation",0,0.68,0.985632000486903,0,0.855283535142528,0.649902727854166,1,0.733333333333333,0.749333333333333,0.586639267508517,1,0.36,"0"
37,"diabetes","mass",0,549,"strikes","parliamentary_representation",0,0.68,0.985632000486903,0,0.81429361670703,0.668876832699674,1,0.733333333333333,0.749333333333333,0.439162216262157,1,0.49,"1"
37,"diabetes","mass",0,549,"strikes","union_centralization",0,0.68,0.985632000486903,0,0.848839828758629,0.581274477261461,1,0.733333333333333,0.749333333333333,0.638999384960448,1,0.41,"0"
37,"diabetes","mass",0,841,"stock","company1",0,0.68,0.985632000486903,0,0.60652998989763,0.62649816823683,1,0.733333333333333,0.749333333333333,0.0507489206966612,1,0.53,"1"
37,"diabetes","mass",0,841,"stock","company2",0,0.68,0.985632000486903,0,0.856269270010514,0.4367390938966,1,0.733333333333333,0.749333333333333,0.744823884576322,1,0.37,"0"
37,"diabetes","mass",0,841,"stock","company3",0,0.68,0.985632000486903,0,0.675343943177943,0.660621869047487,1,0.733333333333333,0.749333333333333,0.0433795604010698,1,0.48,"0"
37,"diabetes","mass",0,841,"stock","company4",0,0.68,0.985632000486903,0,0.84636350846372,0.461375943455897,1,0.733333333333333,0.749333333333333,0.714761177727493,1,0.45,"0"
37,"diabetes","mass",0,841,"stock","company6",0,0.48,0.261178666012172,0,0.986706336465789,0.804139055030422,0.996307692307692,0.961165048543689,0.901052631578947,0.93212703259307,1,0.17,"0"
37,"diabetes","mass",0,841,"stock","company7",0,0.358974358974359,0.753726229738001,0,0.982845907312523,0.952516681158736,0.989565217391304,0.971014492753623,0.967304347826087,0.638734336476722,0.552380952380952,0.06,"0"
37,"diabetes","mass",0,841,"stock","company8",0,0.253731343283582,0.713293221676916,0,0.960581562990312,0.955350835969416,0.94,0.974193548387097,0.975099337748344,0.117151734740511,1,0.54,"0"
37,"diabetes","mass",0,841,"stock","company9",0,0.06,0.591290334060124,0,0.951364454924532,0.913437446244713,0.952,0.951219512195122,0.951168831168831,0.438145676559397,1,0.28,"0"
37,"diabetes","mass",0,841,"stock","binaryClass",0,0.468085106382979,0.795645167780088,0,0.968693261339217,0.977806220872131,0.952,0.986531986531986,0.987123287671233,0.273114171726986,1,0.17,"0"
37,"diabetes","mass",0,967,"cars","name",0,0.68,0.16707244233106,0,0.653104526651321,0.738990030389572,1,0.8,0.812,0.247583235691068,0.422222222222222,0.12,"0"
37,"diabetes","mass",0,1092,"Crash","R_Leg",0,0.871794871794872,0.714465180519263,0,0.9955944040089,0.990455174469635,0.996417910447761,0.992233009708738,0.991607142857143,0.538430956429222,0.516666666666667,0.03,"0"
37,"diabetes","mass",0,1092,"Crash","D_P",0,0.887892376681614,0.750317100665536,0,0.99628616580415,0.992038422342559,0.997037037037037,0.992920353982301,0.992231404958678,0.53353036852199,0.516666666666667,0.02,"0"
37,"diabetes","mass",0,1092,"Crash","Protection",0,0.907578558225508,0.794161600825706,0,0.998453134874061,0.993783370034543,0.99952,0.996835443037975,0.995078534031414,0.751173041578192,0.516666666666667,0.04,"0"
37,"diabetes","mass",0,1092,"Crash","Doors",1,0.886363636363636,0.74691232703142,0,0.998411126830546,0.992019985203204,0.999558011049724,0.99647266313933,0.993637901861252,0.800893455724918,0.516666666666667,0.03,"0"
37,"diabetes","mass",0,1092,"Crash","Year",1,0.801587301587302,0.558100897490462,0,0.998128613711895,0.982198483728489,0.999450800915332,0.995139732685298,0.990259067357513,0.894874893825766,0.516666666666667,0.04,"0"
37,"diabetes","mass",0,1092,"Crash","Wt",0,0.880668257756563,0.734227743198091,0,0.998248943714611,0.989759991133254,0.999453302961276,0.996179560649475,0.993815789473684,0.828998557698947,0.516666666666667,0.03,"1"
37,"diabetes","mass",0,1092,"Crash","Size",0,0.14,0.613859990860012,0,0.938377943559238,0.923252114083857,1,0.904761904761905,0.910476190476191,0.197084640115139,0.516666666666667,0.2,"0"
37,"diabetes","pedi",0,455,"cars","horsepower",0,0.764705882352941,0.989435294879145,0,0.994845919706054,0.995280049592374,0,0.99016393442623,0.99016393442623,0.0842303304491367,1,0.41,"0"
37,"diabetes","pedi",0,455,"cars","weight",0,0.764705882352941,0.989435294879145,0,0.990987677074211,0.991847562705882,0,0.99016393442623,0.99016393442623,0.0954122082343285,1,0.42,"0"
37,"diabetes","pedi",0,455,"cars","acceleration",0,0.764705882352941,0.989435294879145,0,0.993439021224156,0.995029987143342,0,0.99016393442623,0.99016393442623,0.242489112301969,0,0.31,"0"
37,"diabetes","pedi",0,455,"cars","model.year",0,0.764705882352941,0.989435294879145,0,0.993118008058752,0.994421081806329,0,0.99016393442623,0.99016393442623,0.189345433517255,0.366666666666667,0.34,"0"
37,"diabetes","pedi",0,455,"cars","origin",0,0.764705882352941,0.989435294879145,0,0.995509082179038,0.994596074571344,0,0.99016393442623,0.99016393442623,0.168952665936613,1,0.34,"0"
37,"diabetes","pedi",0,549,"strikes","country_code",0,0.764705882352941,0.989435294879145,0,0.991164323983666,0.995001709726366,0,0.99016393442623,0.99016393442623,0.434305845484431,1,0.37,"0"
37,"diabetes","pedi",0,549,"strikes","year",0,0.764705882352941,0.989435294879145,0,0.990392086207273,0.99426328232863,0,0.99016393442623,0.99016393442623,0.402917449601538,1,0.43,"0"
37,"diabetes","pedi",0,549,"strikes","strike_volume",0,0.764705882352941,0.989435294879145,0,0.994070863777371,0.993339098068248,0,0.99016393442623,0.99016393442623,0.109859853308256,1,0.4,"0"
37,"diabetes","pedi",0,549,"strikes","unemployment",0,0.764705882352941,0.989435294879145,0,0.99336626165594,0.994126438365415,0,0.99016393442623,0.99016393442623,0.114592507278529,1,0.41,"0"
37,"diabetes","pedi",0,549,"strikes","inflation",0,0.764705882352941,0.989435294879145,0,0.989390873557312,0.993860857552029,0,0.99016393442623,0.99016393442623,0.421333841090878,1,0.38,"0"
37,"diabetes","pedi",0,549,"strikes","parliamentary_representation",0,0.764705882352941,0.989435294879145,0,0.991732565963607,0.993509070833452,0,0.99016393442623,0.99016393442623,0.214879835995624,1,0.36,"0"
37,"diabetes","pedi",0,549,"strikes","union_centralization",0,0.764705882352941,0.989435294879145,0,0.989843122950952,0.994867050352478,0,0.99016393442623,0.99016393442623,0.494633082320966,1,0.33,"0"
37,"diabetes","pedi",0,841,"stock","company1",0,0.764705882352941,0.989435294879145,0,0.996098011958746,0.9942455515835,0,0.99016393442623,0.99016393442623,0.321917973916318,1,0.3,"0"
37,"diabetes","pedi",0,841,"stock","company2",0,0.764705882352941,0.989435294879145,0,0.989318113989096,0.99618418924328,0,0.99016393442623,0.99016393442623,0.642777431548575,1,0.26,"0"
37,"diabetes","pedi",0,841,"stock","company3",0,0.764705882352941,0.989435294879145,0,0.995270948310528,0.993666954855585,0,0.99016393442623,0.99016393442623,0.253273649305568,1,0.31,"0"
37,"diabetes","pedi",0,841,"stock","company4",0,0.764705882352941,0.989435294879145,0,0.990006831979438,0.99600965274715,0,0.99016393442623,0.99016393442623,0.600692468630668,1,0.27,"0"
37,"diabetes","pedi",0,841,"stock","company6",0,0.617647058823529,0.0047741507458241,0,0.884507737836105,0.989026413485939,1,0.932459016393443,0.975081967213115,0.904984227441242,1,0.15,"0"
37,"diabetes","pedi",0,841,"stock","company7",0,0.128205128205128,0.665067659652143,0,0.910498602171333,0.954735745588162,1,0.909508196721311,0.924590163934426,0.49426203936515,0.552380952380952,0.25,"0"
37,"diabetes","pedi",0,841,"stock","company8",0,0.0147058823529412,0.610078766588964,0,0.961050833303352,0.951862547238798,1,0.898360655737705,0.900983606557377,0.190876033888504,0.516666666666667,0.25,"0"
37,"diabetes","pedi",0,841,"stock","company9",0,0.308823529411765,0.444154833093257,0,0.968432238774556,0.975170591311048,1,0.946229508196721,0.949508196721311,0.213456775992732,0.516666666666667,0.37,"0"
37,"diabetes","pedi",0,841,"stock","binaryClass",0,0.276595744680851,0.722077417566664,0,0.950958951980044,0.903157681620318,1,0.805245901639344,0.808524590163934,0.480760964181769,1,0.29,"0"
37,"diabetes","pedi",0,967,"cars","name",0,0.764705882352941,0.387553289810101,0,0.995574127101773,0.991765460041402,0,0.986885245901639,0.986885245901639,0.462523356437616,0.588888888888889,0.26,"0"
37,"diabetes","pedi",0,1092,"Crash","R_Leg",0,0.825641025641026,0.611672630675428,0,0.651507928300021,0.774820711231238,1,0.662295081967213,0.706229508196721,0.35384673840551,0.516666666666667,0.25,"0"
37,"diabetes","pedi",0,1092,"Crash","D_P",0,0.847533632286996,0.660431243936519,0,0.586595633233371,0.730041316328728,1,0.629508196721312,0.682622950819672,0.346986376117148,0.516666666666667,0.22,"0"
37,"diabetes","pedi",0,1092,"Crash","Protection",0,0.874306839186691,0.720059766431648,0,0.00746661860382684,0.654266534072001,1,0.171147540983607,0.499016393442623,0.651665654366542,0.516666666666667,0.62,"0"
37,"diabetes","pedi",0,1092,"Crash","Doors",1,0.845454545454545,0.655800751617276,0,0.0337080998484081,0.730665032699897,1,0.256393442622951,0.612459016393443,0.721269559169595,0.516666666666667,0.52,"0"
37,"diabetes","pedi",0,1092,"Crash","Year",1,0.73015873015873,0.399017197634648,0,0.179583988741085,0.879263260973499,1,0.460327868852459,0.746885245901639,0.852834735829652,0.516666666666667,0.52,"0"
37,"diabetes","pedi",0,1092,"Crash","Wt",0,0.837708830548926,0.638549716945107,0,0.123206211689226,0.790107894210009,1,0.31344262295082,0.601311475409836,0.760614059328171,0.516666666666667,0.51,"0"
37,"diabetes","pedi",0,1092,"Crash","Size",0,0.367647058823529,0.716073533534738,0,0.97508497179922,0.971995358586192,0,0.972459016393443,0.972459016393443,0.110325041030666,0.516666666666667,0.29,"0"
37,"diabetes","age",0,455,"cars","horsepower",0,0.333333333333333,0.970066667295766,0,0.996814530102913,0.99897765712418,0,0.996926229508197,0.996926229508197,0.52449663975083,1,0.49,"0"
37,"diabetes","age",0,455,"cars","weight",0,0.333333333333333,0.970066667295766,0,0.994429950302356,0.998234179288251,0,0.996926229508197,0.996926229508197,0.53030270719065,1,0.49,"0"
37,"diabetes","age",0,455,"cars","acceleration",0,0.333333333333333,0.970066667295766,0,0.995944999069877,0.998923493512023,0,0.996926229508197,0.996926229508197,0.606670777049862,1,0.49,"0"
37,"diabetes","age",0,455,"cars","model.year",0,0.333333333333333,0.970066667295766,0,0.995746597470243,0.998791604407354,0,0.996926229508197,0.996926229508197,0.579076504517854,1,0.49,"0"
37,"diabetes","age",0,455,"cars","origin",0,0.333333333333333,0.970066667295766,0,0.997224396456189,0.998829507900226,0,0.996926229508197,0.996926229508197,0.375199204021962,0.488888888888889,0.42,"0"
37,"diabetes","age",0,549,"strikes","country_code",0,0.333333333333333,0.970066667295766,0,0.994539126601596,0.998917368613815,0,0.996926229508197,0.996926229508197,0.706269512641327,1,0.49,"0"
37,"diabetes","age",0,549,"strikes","year",0,0.333333333333333,0.970066667295766,0,0.994061846456585,0.998757424986406,0,0.996926229508197,0.996926229508197,0.689971432227213,1,0.49,"0"
37,"diabetes","age",0,549,"strikes","strike_volume",0,0.333333333333333,0.970066667295766,0,0.996335508204034,0.998557246358889,0,0.996926229508197,0.996926229508197,0.41667720779923,1,0.48,"0"
37,"diabetes","age",0,549,"strikes","unemployment",0,0.333333333333333,0.970066667295766,0,0.995900030151844,0.998727784537077,0,0.996926229508197,0.996926229508197,0.540261867173066,1,0.49,"0"
37,"diabetes","age",0,549,"strikes","inflation",0,0.333333333333333,0.970066667295766,0,0.99344304880984,0.998670259641883,0,0.996926229508197,0.996926229508197,0.699533941587389,1,0.5,"0"
37,"diabetes","age",0,549,"strikes","parliamentary_representation",0,0.333333333333333,0.970066667295766,0,0.994890327517789,0.998594062518082,0,0.996926229508197,0.996926229508197,0.592334963040916,1,0.49,"1"
37,"diabetes","age",0,549,"strikes","union_centralization",0,0.333333333333333,0.970066667295766,0,0.993722560720259,0.998888201347283,0,0.996926229508197,0.996926229508197,0.737593768929907,1,0.5,"0"
37,"diabetes","age",0,841,"stock","company1",0,0.333333333333333,0.970066667295766,0,0.997588383429182,0.998753584500935,0,0.996926229508197,0.996926229508197,0.234253356017799,0.488888888888889,0.43,"0"
37,"diabetes","age",0,841,"stock","company2",0,0.333333333333333,0.970066667295766,0,0.993398079891806,0.999173494082415,0,0.996926229508197,0.996926229508197,0.81451609798477,0.488888888888889,0.35,"0"
37,"diabetes","age",0,841,"stock","company3",0,0.333333333333333,0.970066667295766,0,0.997077218254385,0.998628260251383,0,0.996926229508197,0.996926229508197,0.304646159419237,0.488888888888889,0.43,"0"
37,"diabetes","age",0,841,"stock","company4",0,0.333333333333333,0.970066667295766,0,0.993823740785835,0.999135689417539,0,0.996926229508197,0.996926229508197,0.79266394241683,0.488888888888889,0.36,"0"
37,"diabetes","age",0,841,"stock","company6",0,0.0769230769230769,0.645365764250458,0,0.928620218644692,0.997623117400402,1,0.978893442622951,0.992213114754098,0.950664101869066,1,0.09,"0"
37,"diabetes","age",0,841,"stock","company7",0,0.692307692307692,0.881788591795779,0,0.944683824800846,0.99019574698232,1,0.97172131147541,0.976434426229508,0.737401108943282,0.507936507936508,0.05,"0"
37,"diabetes","age",0,841,"stock","company8",0,0.641791044776119,0.862380748176263,0,0.975927538774564,0.989573411235202,1,0.968237704918033,0.96905737704918,0.358270107467463,1,0.19,"0"
37,"diabetes","age",0,841,"stock","company9",0,0.48936170212766,0.803819362873966,0,0.980489602922912,0.994621941568926,1,0.983196721311475,0.98422131147541,0.591596054737103,1,0.13,"0"
37,"diabetes","age",0,841,"stock","binaryClass",0,0.74468085106383,0.901909681796995,0,0.969690269984218,0.979023920651065,1,0.939139344262295,0.940163934426229,0,1,0.22,"0"
37,"diabetes","age",0,967,"cars","name",0,0.333333333333333,0.423719398641216,0,0.997264597351695,0.998216395822988,0,0.995901639344262,0.995901639344262,0.0339319074839688,0.5,0.44,"0"
37,"diabetes","age",0,1092,"Crash","R_Leg",0,0.938461538461538,0.862943288413349,0,0.78461511259774,0.951226088883665,1,0.894467213114754,0.908196721311475,0.664492003458872,1,0.11,"0"
37,"diabetes","age",0,1092,"Crash","D_P",0,0.946188340807175,0.880152209862058,0,0.74449618737872,0.941526856601868,1,0.88422131147541,0.900819672131148,0.660929835558899,1,0.11,"0"
37,"diabetes","age",0,1092,"Crash","Protection",0,0.955637707948244,0.901197569668058,0,0.386566559313172,0.925114012797016,1,0.740983606557377,0.84344262295082,0.819131210230909,1,0.15,"0"
37,"diabetes","age",0,1092,"Crash","Doors",1,0.945454545454545,0.878517918538718,0,0.402785058791687,0.941661953781611,1,0.767622950819672,0.878893442622951,0.85527227465003,1,0.14,"0"
37,"diabetes","age",0,1092,"Crash","Year",1,0.904761904761905,0.78788843352558,0,0.49294338506461,0.973848380950337,1,0.831352459016393,0.920901639344262,0.923586050126253,1,0.16,"0"
37,"diabetes","age",0,1092,"Crash","Wt",0,0.94272076372315,0.872429318377088,0,0.458099203092062,0.95453729795579,1,0.785450819672131,0.875409836065574,0.875701474977119,1,0.15,"0"
37,"diabetes","age",0,1092,"Crash","Size",0,0.441860465116279,0.195541637270574,0,0.984601312398667,0.993934185072569,0,0.991393442622951,0.991393442622951,0.416372203596968,1,0.26,"0"
455,"cars","horsepower",0,841,"stock","company6",0,0.384615384615385,0.989384615432997,0,0.955372938434335,0.569880785869086,1,0.854368932038835,0.605263157894737,0.89624490118202,1,0.42,"0"
455,"cars","horsepower",0,841,"stock","company7",0,0.794871794871795,0.996461538588787,0,0.942413410080896,0.895724551990166,1,0.891304347826087,0.869565217391304,0.447745456690122,0.552380952380952,0.17,"0"
455,"cars","horsepower",0,841,"stock","company8",0,0.761194029850746,0.995880597148652,0,0.867671615824595,0.901948480094282,1,0.903225806451613,0.900662251655629,0.259028812928391,1,0.28,"0"
455,"cars","horsepower",0,841,"stock","company9",0,0.659574468085106,0.994127659718778,0,0.836729622441778,0.809904840394944,1,0.817073170731707,0.805194805194805,0.141112388671896,0.516666666666667,0.49,"0"
455,"cars","horsepower",0,841,"stock","binaryClass",0,0.829787234042553,0.997063829870165,0,0.89490272940642,0.951261488917268,1,0.94949494949495,0.948630136986301,0.52449663975083,1,0.27,"0"
455,"cars","horsepower",0,967,"cars","name",0,0,0.982750001028531,0,0.141287553586232,0.426810674141244,0,0.25,0.25,0.507795191733569,1,0.87,"0"
455,"cars","horsepower",0,1092,"Crash","R_Leg",0,0.958974358974359,0.995897435852728,0,0.985210337013396,0.979039145058885,1,0.970873786407767,0.966517857142857,0.294415088117743,1,0.28,"0"
455,"cars","horsepower",0,1092,"Crash","D_P",0,0.964125560538117,0.996412556223934,0,0.987532593488894,0.98251602673625,1,0.973451327433628,0.96900826446281,0.286923725915577,1,0.28,"0"
455,"cars","horsepower",0,1092,"Crash","Protection",0,0.970425138632163,0.997042513980887,0,0.994807146650629,0.986348008298946,1,0.988132911392405,0.980366492146597,0.619626684290279,1,0.24,"0"
455,"cars","horsepower",0,1092,"Crash","Doors",1,0.963636363636364,0.996363636438017,0,0.994666124912009,0.982475537970655,1,0.986772486772487,0.974619289340102,0.695632591798866,1,0.23,"0"
455,"cars","horsepower",0,1092,"Crash","Year",1,0.936507936507937,0.993650793910305,0,0.993717723419321,0.960907090536961,1,0.981773997569866,0.961139896373057,0.839298822549425,1,0.25,"0"
455,"cars","horsepower",0,1092,"Crash","Wt",0,0.9618138424821,0.996181384343675,0,0.994121673348216,0.977512492002209,1,0.98567335243553,0.975328947368421,0.738595906119892,1,0.23,"0"
455,"cars","horsepower",0,1092,"Crash","Size",0,0.627906976744186,0.962790699816117,0,0.793133676092545,0.831458280865601,0,0.642857142857143,0.642857142857143,0.185262656816975,1,0.35,"0"
455,"cars","weight",0,841,"stock","company6",0,0.384615384615385,0.989384615432997,0,0.921966002250442,0.257085431123895,1,0.854368932038835,0.605263157894737,0.894962353655806,1,0.52,"0"
455,"cars","weight",0,841,"stock","company7",0,0.794871794871795,0.996461538588787,0,0.899305227131301,0.819892376444708,1,0.891304347826087,0.869565217391304,0.44091887460951,0.552380952380952,0.24,"0"
455,"cars","weight",0,841,"stock","company8",0,0.761194029850746,0.995880597148652,0,0.768613203050524,0.830642528291628,1,0.903225806451613,0.900662251655629,0.268076338230519,1,0.36,"0"
455,"cars","weight",0,841,"stock","company9",0,0.659574468085106,0.994127659718778,0,0.7145086450247,0.671662044140998,1,0.817073170731707,0.805194805194805,0.130495424361179,0.516666666666667,0.46,"0"
455,"cars","weight",0,841,"stock","binaryClass",0,0.829787234042553,0.997063829870165,0,0.816228990006057,0.915817408850584,1,0.94949494949495,0.948630136986301,0.53030270719065,1,0.3,"0"
455,"cars","weight",0,967,"cars","name",0,0,0.982750001028531,0,0.508908753639668,0.0099705223232953,0,0.25,0.25,0.513805189874278,1,0.67,"0"
455,"cars","weight",0,1092,"Crash","R_Leg",0,0.958974358974359,0.995897435852728,0,0.974139087635981,0.963795794281551,1,0.970873786407767,0.966517857142857,0.285693143908942,1,0.27,"0"
455,"cars","weight",0,1092,"Crash","D_P",0,0.964125560538117,0.996412556223934,0,0.978199739407019,0.96980116667021,1,0.973451327433628,0.96900826446281,0.278109178758393,1,0.27,"0"
455,"cars","weight",0,1092,"Crash","Protection",0,0.970425138632163,0.997042513980887,0,0.990919879275888,0.976419878034555,1,0.988132911392405,0.980366492146597,0.614924777004185,1,0.26,"0"
455,"cars","weight",0,1092,"Crash","Doors",1,0.963636363636364,0.996363636438017,0,0.990673291451191,0.969731233282329,1,0.986772486772487,0.974619289340102,0.69187021606123,1,0.25,"0"
455,"cars","weight",0,1092,"Crash","Year",1,0.936507936507937,0.993650793910305,0,0.989014935347301,0.932477575923854,1,0.981773997569866,0.961139896373057,0.837312347668218,1,0.25,"0"
455,"cars","weight",0,1092,"Crash","Wt",0,0.9618138424821,0.996181384343675,0,0.989721274208441,0.961158914179101,1,0.98567335243553,0.975328947368421,0.735364612643545,1,0.25,"1"
455,"cars","weight",0,1092,"Crash","Size",0,0.627906976744186,0.962790699816117,0,0.63827763496144,0.708889781031128,0,0.642857142857143,0.642857142857143,0.195210893476716,1,0.31,"0"
455,"cars","acceleration",0,841,"stock","company6",0,0.384615384615385,0.989384615432997,0,0.943191183089536,0.547093117615721,1,0.854368932038835,0.605263157894737,0.874568439738869,1,0.41,"0"
455,"cars","acceleration",0,841,"stock","company7",0,0.794871794871795,0.996461538588787,0,0.926694119477287,0.890200050321436,1,0.891304347826087,0.869565217391304,0.33236872387179,0.552380952380952,0.19,"0"
455,"cars","acceleration",0,841,"stock","company8",0,0.761194029850746,0.995880597148652,0,0.831550214489991,0.896753721446114,1,0.903225806451613,0.900662251655629,0.387079786173129,0.516666666666667,0.25,"0"
455,"cars","acceleration",0,841,"stock","company9",0,0.659574468085106,0.994127659718778,0,0.792162050105858,0.799833619925514,1,0.817073170731707,0.805194805194805,0.03691130432899,0.516666666666667,0.47,"0"
455,"cars","acceleration",0,841,"stock","binaryClass",0,0.829787234042553,0.997063829870165,0,0.866214548001211,0.948679328006461,1,0.94949494949495,0.948630136986301,0.606670777049862,1,0.3,"0"
455,"cars","acceleration",0,967,"cars","name",0,0,0.982750001028531,0,0.325424902375486,0.396443167238696,0,0.25,0.25,0.592855590618101,0.588888888888889,0.8,"0"
455,"cars","acceleration",0,1092,"Crash","R_Leg",0,0.958974358974359,0.995897435852728,0,0.981173233744346,0.977928641289203,1,0.970873786407767,0.966517857142857,0.14700465420628,0.516666666666667,0.25,"0"
455,"cars","acceleration",0,1092,"Crash","D_P",0,0.964125560538117,0.996412556223934,0,0.984129391696659,0.98158972777216,1,0.973451327433628,0.96900826446281,0.137948200497462,0.516666666666667,0.25,"0"
455,"cars","acceleration",0,1092,"Crash","Protection",0,0.970425138632163,0.997042513980887,0,0.993389664369157,0.985624727292982,1,0.988132911392405,0.980366492146597,0.540159288413667,0.516666666666667,0.19,"0"
455,"cars","acceleration",0,1092,"Crash","Doors",1,0.963636363636364,0.996363636438017,0,0.993210148222484,0.981547093916254,1,0.986772486772487,0.974619289340102,0.632044310706308,0.516666666666667,0.19,"0"
455,"cars","acceleration",0,1092,"Crash","Year",1,0.936507936507937,0.993650793910305,0,0.992002863564576,0.958835952530019,1,0.981773997569866,0.961139896373057,0.805725215887573,0.516666666666667,0.18,"0"
455,"cars","acceleration",0,1092,"Crash","Wt",0,0.9618138424821,0.996181384343675,0,0.992517078857864,0.97632110632293,1,0.98567335243553,0.975328947368421,0.683983498376783,0.516666666666667,0.18,"0"
455,"cars","acceleration",0,1092,"Crash","Size",0,0.627906976744186,0.962790699816117,0,0.736665809768638,0.822528959281475,0,0.642857142857143,0.642857142857143,0.32606153206843,0.516666666666667,0.24,"0"
455,"cars","model.year",0,841,"stock","company6",0,0.384615384615385,0.989384615432997,0,0.940411662112201,0.491604847100634,1,0.854368932038835,0.605263157894737,0.882791294236445,1,0.49,"0"
455,"cars","model.year",0,841,"stock","company7",0,0.794871794871795,0.996461538588787,0,0.923107436216553,0.876747816435668,1,0.891304347826087,0.869565217391304,0.376136295846531,0.535714285714286,0.2,"0"
455,"cars","model.year",0,841,"stock","company8",0,0.761194029850746,0.995880597148652,0,0.823308365109628,0.884104416132151,1,0.903225806451613,0.900662251655629,0.344079962021086,0.5,0.25,"0"
455,"cars","model.year",0,841,"stock","company9",0,0.659574468085106,0.994127659718778,0,0.781993031051517,0.775310066237992,1,0.817073170731707,0.805194805194805,0.029743053912705,0.5,0.48,"0"
455,"cars","model.year",0,841,"stock","binaryClass",0,0.829787234042553,0.997063829870165,0,0.859668742428831,0.942391732385034,1,0.94949494949495,0.948630136986301,0.579076504517854,0.535714285714286,0.23,"0"
455,"cars","model.year",0,967,"cars","name",0,0,0.982750001028531,0,0.35689071768595,0.322497890383589,0,0.25,0.25,0.564292104518335,0.527777777777778,0.7,"0"
455,"cars","model.year",0,1092,"Crash","R_Leg",0,0.958974358974359,0.995897435852728,0,0.980252084623683,0.975224550072189,1,0.970873786407767,0.966517857142857,0.202924046430764,1,0.28,"0"
455,"cars","model.year",0,1092,"Crash","D_P",0,0.964125560538117,0.996412556223934,0,0.983352880389061,0.979334177668224,1,0.973451327433628,0.96900826446281,0.194461302159639,1,0.28,"0"
455,"cars","model.year",0,1092,"Crash","Protection",0,0.970425138632163,0.997042513980887,0,0.993066236289637,0.983863528574835,1,0.988132911392405,0.980366492146597,0.570304837552689,1,0.26,"0"
455,"cars","model.year",0,1092,"Crash","Doors",1,0.963636363636364,0.996363636438017,0,0.992877936842719,0.979286320489332,1,0.986772486772487,0.974619289340102,0.656166199075697,1,0.25,"0"
455,"cars","model.year",0,1092,"Crash","Year",1,0.936507936507937,0.993650793910305,0,0.991611582603455,0.953792704369413,1,0.981773997569866,0.961139896373057,0.818461191418602,1,0.25,"1"
455,"cars","model.year",0,1092,"Crash","Wt",0,0.9618138424821,0.996181384343675,0,0.992150957234189,0.973420066597204,1,0.98567335243553,0.975328947368421,0.704700435216848,1,0.25,"0"
455,"cars","model.year",0,1092,"Crash","Size",0,0.627906976744186,0.962790699816117,0,0.723781491002571,0.800785944328507,0,0.642857142857143,0.642857142857143,0.27878093182616,1,0.32,"0"
455,"cars","origin",0,841,"stock","company6",0,0.384615384615385,0.989384615432997,0,0.961114989551519,0.507551571974083,1,0.854368932038835,0.605263157894737,0.921037395521071,1,0.48,"0"
455,"cars","origin",0,841,"stock","company7",0,0.794871794871795,0.996461538588787,0,0.949822930927194,0.880613842006807,1,0.891304347826087,0.869565217391304,0.579707816079754,0.552380952380952,0.16,"0"
455,"cars","origin",0,841,"stock","company8",0,0.761194029850746,0.995880597148652,0,0.884697974261201,0.887739688772829,1,0.903225806451613,0.900662251655629,0.0263804082550829,0.516666666666667,0.26,"0"
455,"cars","origin",0,841,"stock","company9",0,0.659574468085106,0.994127659718778,0,0.857737208892026,0.782357868592326,1,0.817073170731707,0.805194805194805,0.346345350563138,1,0.38,"0"
455,"cars","origin",0,841,"stock","binaryClass",0,0.829787234042553,0.997063829870165,0,0.908425329345851,0.944198718916775,1,0.94949494949495,0.948630136986301,0.375199204021962,1,0.28,"0"
455,"cars","origin",0,967,"cars","name",0,0,0.982750001028531,0,0.0144836590931966,0.343748957947116,0,0.25,0.25,0.353253874319765,0.588888888888889,0.94,"0"
455,"cars","origin",0,1092,"Crash","R_Leg",0,0.958974358974359,0.995897435852728,0,0.987113285536011,0.976001676449893,1,0.970873786407767,0.966517857142857,0.463016054555537,1,0.28,"0"
455,"cars","origin",0,1092,"Crash","D_P",0,0.964125560538117,0.996412556223934,0,0.98913674314549,0.979982398213068,1,0.973451327433628,0.96900826446281,0.457314768765084,1,0.27,"0"
455,"cars","origin",0,1092,"Crash","Protection",0,0.970425138632163,0.997042513980887,0,0.995475297954569,0.984369677913155,1,0.988132911392405,0.980366492146597,0.710517670698601,1,0.23,"0"
455,"cars","origin",0,1092,"Crash","Doors",1,0.963636363636364,0.996363636438017,0,0.995352421126311,0.979936042160339,1,0.986772486772487,0.974619289340102,0.768361810225579,1,0.23,"0"
455,"cars","origin",0,1092,"Crash","Year",1,0.936507936507937,0.993650793910305,0,0.994526048054486,0.955242078987493,1,0.981773997569866,0.961139896373057,0.877698699544499,1,0.23,"0"
455,"cars","origin",0,1092,"Crash","Wt",0,0.9618138424821,0.996181384343675,0,0.994878022767914,0.974253793832233,1,0.98567335243553,0.975328947368421,0.80105895219242,1,0.23,"0"
455,"cars","origin",0,1092,"Crash","Size",0,0.627906976744186,0.962790699816117,0,0.819750642673522,0.807034650120842,0,0.642857142857143,0.642857142857143,0.0658978026917448,1,0.42,"0"
549,"strikes","country_code",0,841,"stock","company6",0,0.384615384615385,0.989384615432997,0,0.923495515190484,0.544516255717387,1,0.854368932038835,0.605263157894737,0.832036849240337,1,0.48,"0"
549,"strikes","country_code",0,841,"stock","company7",0,0.794871794871795,0.996461538588787,0,0.901278904791537,0.889575331824609,1,0.891304347826087,0.869565217391304,0.105986942594559,1,0.31,"0"
549,"strikes","country_code",0,841,"stock","company8",0,0.761194029850746,0.995880597148652,0,0.773148522402288,0.896166290758487,1,0.903225806451613,0.900662251655629,0.542283302092273,1,0.28,"0"
549,"strikes","country_code",0,841,"stock","company9",0,0.659574468085106,0.994127659718778,0,0.720104446012703,0.798694752007618,1,0.817073170731707,0.805194805194805,0.280784402879375,1,0.46,"0"
549,"strikes","country_code",0,841,"stock","binaryClass",0,0.829787234042553,0.997063829870165,0,0.819831011508177,0.948387333582439,1,0.94949494949495,0.948630136986301,0.706269512641327,0.552380952380952,0.19,"0"
549,"strikes","country_code",0,967,"cars","name",0,0,0.982750001028531,0,0.499090630977714,0.393009166417965,0,0.25,0.25,0.695952604548112,1,0.51,"0"
549,"strikes","country_code",0,1092,"Crash","R_Leg",0,0.958974358974359,0.995897435852728,0,0.974645976956569,0.977803063945341,1,0.970873786407767,0.966517857142857,0.124520159320058,1,0.3,"0"
549,"strikes","country_code",0,1092,"Crash","D_P",0,0.964125560538117,0.996412556223934,0,0.978627037528798,0.981484980569397,1,0.973451327433628,0.96900826446281,0.133717683940616,1,0.31,"0"
549,"strikes","country_code",0,1092,"Crash","Protection",0,0.970425138632163,0.997042513980887,0,0.991097855062663,0.985542937649332,1,0.988132911392405,0.980366492146597,0.384235557583668,1,0.28,"0"
549,"strikes","country_code",0,1092,"Crash","Doors",1,0.963636363636364,0.996363636438017,0,0.990856100506536,0.981442104143631,1,0.986772486772487,0.974619289340102,0.507277141534023,1,0.26,"0"
549,"strikes","country_code",0,1092,"Crash","Year",1,0.936507936507937,0.993650793910305,0,0.989230249172275,0.958601745301928,1,0.981773997569866,0.961139896373057,0.739850123966064,1,0.25,"0"
549,"strikes","country_code",0,1092,"Crash","Wt",0,0.9618138424821,0.996181384343675,0,0.989922743370072,0.97618638273783,1,0.98567335243553,0.975328947368421,0.576827975398072,1,0.26,"0"
549,"strikes","country_code",0,1092,"Crash","Size",0,0.627906976744186,0.962790699816117,0,0.645367609254499,0.821519218911716,0,0.642857142857143,0.642857142857143,0.496716076292169,1,0.32,"0"
549,"strikes","year",0,841,"stock","company6",0,0.384615384615385,0.989384615432997,0,0.916809025880084,0.477224910559616,1,0.854368932038835,0.605263157894737,0.840866606308709,1,0.55,"0"
549,"strikes","year",0,841,"stock","company7",0,0.794871794871795,0.996461538588787,0,0.892650684505289,0.873261633359198,1,0.891304347826087,0.869565217391304,0.152984858965738,1,0.33,"0"
549,"strikes","year",0,841,"stock","company8",0,0.761194029850746,0.995880597148652,0,0.753321711153479,0.8808263141835,1,0.903225806451613,0.900662251655629,0.516886198725629,1,0.28,"0"
549,"strikes","year",0,841,"stock","company9",0,0.659574468085106,0.994127659718778,0,0.695641584333098,0.768954720459267,1,0.817073170731707,0.805194805194805,0.24087763752327,1,0.44,"0"
549,"strikes","year",0,841,"stock","binaryClass",0,0.829787234042553,0.997063829870165,0,0.804084248182919,0.940762284842474,1,0.94949494949495,0.948630136986301,0.689971432227213,0.552380952380952,0.19,"0"
549,"strikes","year",0,967,"cars","name",0,0,0.982750001028531,0,0.539351310418959,0.303334770343736,0,0.25,0.25,0.679082074882167,1,0.52,"0"
549,"strikes","year",0,1092,"Crash","R_Leg",0,0.958974358974359,0.995897435852728,0,0.972430036224759,0.974523777463117,1,0.970873786407767,0.966517857142857,0.0759428360307866,1,0.3,"0"
549,"strikes","year",0,1092,"Crash","D_P",0,0.964125560538117,0.996412556223934,0,0.976759041352481,0.978749645711135,1,0.973451327433628,0.96900826446281,0.0856506992179149,1,0.3,"0"
549,"strikes","year",0,1092,"Crash","Protection",0,0.970425138632163,0.997042513980887,0,0.990319807904887,0.983407109126761,1,0.988132911392405,0.980366492146597,0.416606053214924,1,0.27,"0"
549,"strikes","year",0,1092,"Crash","Doors",1,0.963636363636364,0.996363636438017,0,0.990056924008967,0.978700434893855,1,0.986772486772487,0.974619289340102,0.533179389274741,1,0.26,"0"
549,"strikes","year",0,1092,"Crash","Year",1,0.936507936507937,0.993650793910305,0,0.988288973324662,0.952485732862879,1,0.981773997569866,0.961139896373057,0.753526101085792,1,0.26,"0"
549,"strikes","year",0,1092,"Crash","Wt",0,0.9618138424821,0.996181384343675,0,0.989041991491252,0.972668254245303,1,0.98567335243553,0.975328947368421,0.599073963035638,1,0.26,"0"
549,"strikes","year",0,1092,"Crash","Size",0,0.627906976744186,0.962790699816117,0,0.614372750642673,0.795151182741388,0,0.642857142857143,0.642857142857143,0.468790606472943,1,0.34,"0"
549,"strikes","strike_volume",0,841,"stock","company6",0,0.384615384615385,0.989384615432997,0,0.948662047902266,0.393005930812425,1,0.854368932038835,0.605263157894737,0.915422646276517,1,0.58,"0"
549,"strikes","strike_volume",0,841,"stock","company7",0,0.794871794871795,0.996461538588787,0,0.933753702551338,0.852844103624299,1,0.891304347826087,0.869565217391304,0.549822337532912,1,0.24,"0"
549,"strikes","strike_volume",0,841,"stock","company8",0,0.761194029850746,0.995880597148652,0,0.847772449952335,0.861627453268146,1,0.903225806451613,0.900662251655629,0.0910150844014263,1,0.34,"0"
549,"strikes","strike_volume",0,841,"stock","company9",0,0.659574468085106,0.994127659718778,0,0.812177487649965,0.731733364447154,1,0.817073170731707,0.805194805194805,0.299866299202773,1,0.52,"0"
549,"strikes","strike_volume",0,841,"stock","binaryClass",0,0.829787234042553,0.997063829870165,0,0.87909850090854,0.931219098807229,1,0.94949494949495,0.948630136986301,0.41667720779923,0.552380952380952,0.19,"0"
549,"strikes","strike_volume",0,967,"cars","name",0,0,0.982750001028531,0,0.253538334751736,0.191102118000259,0,0.25,0.25,0.39618873998668,1,0.93,"0"
549,"strikes","strike_volume",0,1092,"Crash","R_Leg",0,0.958974358974359,0.995897435852728,0,0.982986309577415,0.970419562260044,1,0.970873786407767,0.966517857142857,0.424833040938932,1,0.28,"0"
549,"strikes","strike_volume",0,1092,"Crash","D_P",0,0.964125560538117,0.996412556223934,0,0.985657780373723,0.975326217178245,1,0.973451327433628,0.96900826446281,0.418726357045211,1,0.28,"0"
549,"strikes","strike_volume",0,1092,"Crash","Protection",0,0.970425138632163,0.997042513980887,0,0.994026260140199,0.980733997173594,1,0.988132911392405,0.980366492146597,0.689933614480062,1,0.23,"0"
549,"strikes","strike_volume",0,1092,"Crash","Doors",1,0.963636363636364,0.996363636438017,0,0.993864031953803,0.975269078506505,1,0.986772486772487,0.974619289340102,0.751890844511769,1,0.25,"0"
549,"strikes","strike_volume",0,1092,"Crash","Year",1,0.936507936507937,0.993650793910305,0,0.992773012543318,0.944831192349084,1,0.981773997569866,0.961139896373057,0.869002290163478,1,0.25,"0"
549,"strikes","strike_volume",0,1092,"Crash","Wt",0,0.9618138424821,0.996181384343675,0,0.993237707313082,0.96826511456121,1,0.98567335243553,0.975328947368421,0.786912963654437,1,0.25,"0"
549,"strikes","strike_volume",0,1092,"Crash","Size",0,0.627906976744186,0.962790699816117,0,0.762025706940874,0.76215007243522,0,0.642857142857143,0.642857142857143,0.000522600541204864,1,0.41,"0"
549,"strikes","unemployment",0,841,"stock","company6",0,0.384615384615385,0.989384615432997,0,0.942561187911911,0.464754606248512,1,0.854368932038835,0.605263157894737,0.892686956751734,1,0.53,"0"
549,"strikes","unemployment",0,841,"stock","company7",0,0.794871794871795,0.996461538588787,0,0.925881176104543,0.870238409736216,1,0.891304347826087,0.869565217391304,0.428807679184681,1,0.27,"0"
549,"strikes","unemployment",0,841,"stock","company8",0,0.761194029850746,0.995880597148652,0,0.829682149666349,0.877983538852337,1,0.903225806451613,0.900662251655629,0.283595577864367,1,0.32,"0"
549,"strikes","unemployment",0,841,"stock","company9",0,0.659574468085106,0.994127659718778,0,0.789857180663374,0.76344335428342,1,0.817073170731707,0.805194805194805,0.111659625118288,1,0.56,"0"
549,"strikes","unemployment",0,841,"stock","binaryClass",0,0.829787234042553,0.997063829870165,0,0.864730901726227,0.939349225288509,1,0.94949494949495,0.948630136986301,0.540261867173066,0.552380952380952,0.23,"0"
549,"strikes","unemployment",0,967,"cars","name",0,0,0.982750001028531,0,0.332823715878054,0.286716481537974,0,0.25,0.25,0.524114152627078,1,0.73,"0"
549,"strikes","unemployment",0,1092,"Crash","R_Leg",0,0.958974358974359,0.995897435852728,0,0.980964449745728,0.973916066318976,1,0.970873786407767,0.966517857142857,0.270219343176764,1,0.28,"0"
549,"strikes","unemployment",0,1092,"Crash","D_P",0,0.964125560538117,0.996412556223934,0,0.983953390729893,0.978242738649086,1,0.973451327433628,0.96900826446281,0.262471089017229,1,0.28,"0"
549,"strikes","unemployment",0,1092,"Crash","Protection",0,0.970425138632163,0.997042513980887,0,0.993316357446106,0.983011301440492,1,0.988132911392405,0.980366492146597,0.606583015733485,1,0.26,"0"
549,"strikes","unemployment",0,1092,"Crash","Doors",1,0.963636363636364,0.996363636438017,0,0.993134850511508,0.978192353954397,1,0.986772486772487,0.974619289340102,0.685195299202096,1,0.25,"0"
549,"strikes","unemployment",0,1092,"Crash","Year",1,0.936507936507937,0.993650793910305,0,0.991914177377059,0.951352325050825,1,0.981773997569866,0.961139896373057,0.83378809714157,1,0.25,"0"
549,"strikes","unemployment",0,1092,"Crash","Wt",0,0.9618138424821,0.996181384343675,0,0.992434095185778,0.972016281353328,1,0.98567335243553,0.975328947368421,0.729631900972478,1,0.25,"0"
549,"strikes","unemployment",0,1092,"Crash","Size",0,0.627906976744186,0.962790699816117,0,0.733745501285347,0.790264708346215,0,0.642857142857143,0.642857142857143,0.212275125241884,1,0.31,"0"
549,"strikes","inflation",0,841,"stock","company6",0,0.384615384615385,0.989384615432997,0,0.908139937309114,0.440552781890883,1,0.854368932038835,0.605263157894737,0.8358020922843,1,0.52,"0"
549,"strikes","inflation",0,841,"stock","company7",0,0.794871794871795,0.996461538588787,0,0.881464125700062,0.86437106878832,1,0.891304347826087,0.869565217391304,0.126028102994226,1,0.31,"0"
549,"strikes","inflation",0,841,"stock","company8",0,0.761194029850746,0.995880597148652,0,0.727616086749285,0.872466404102727,1,0.903225806451613,0.900662251655629,0.531787342448946,1,0.28,"0"
549,"strikes","inflation",0,841,"stock","company9",0,0.659574468085106,0.994127659718778,0,0.663925282286521,0.752747134461451,1,0.817073170731707,0.805194805194805,0.264291978817207,1,0.44,"0"
549,"strikes","inflation",0,841,"stock","binaryClass",0,0.829787234042553,0.997063829870165,0,0.783668439582071,0.936606820750594,1,0.94949494949495,0.948630136986301,0.699533941587389,0.552380952380952,0.19,"0"
549,"strikes","inflation",0,967,"cars","name",0,0,0.982750001028531,0,0.582824003263912,0.254464429240958,0,0.25,0.25,0.688980455166388,1,0.53,"0"
549,"strikes","inflation",0,1092,"Crash","R_Leg",0,0.958974358974359,0.995897435852728,0,0.969557050778988,0.972736646955682,1,0.970873786407767,0.966517857142857,0.104444420072774,1,0.3,"0"
549,"strikes","inflation",0,1092,"Crash","D_P",0,0.964125560538117,0.996412556223934,0,0.974337168894308,0.977258955465027,1,0.973451327433628,0.96900826446281,0.113852854296756,1,0.3,"0"
549,"strikes","inflation",0,1092,"Crash","Protection",0,0.970425138632163,0.997042513980887,0,0.989311063344022,0.982243135093987,1,0.988132911392405,0.980366492146597,0.398039197090558,1,0.28,"0"
549,"strikes","inflation",0,1092,"Crash","Doors",1,0.963636363636364,0.996363636438017,0,0.98902078508469,0.977206292560109,1,0.986772486772487,0.974619289340102,0.518322548261925,1,0.26,"0"
549,"strikes","inflation",0,1092,"Crash","Year",1,0.936507936507937,0.993650793910305,0,0.987068601420384,0.949152656453445,1,0.981773997569866,0.961139896373057,0.745681924016815,1,0.26,"0"
549,"strikes","inflation",0,1092,"Crash","Wt",0,0.9618138424821,0.996181384343675,0,0.987900089411985,0.970750960714484,1,0.98567335243553,0.975328947368421,0.586314255661486,1,0.27,"0"
549,"strikes","inflation",0,1092,"Crash","Size",0,0.627906976744186,0.962790699816117,0,0.574187660668381,0.780781251319852,0,0.642857142857143,0.642857142857143,0.485175208815585,1,0.32,"0"
549,"strikes","parliamentary_representation",0,841,"stock","company6",0,0.384615384615385,0.989384615432997,0,0.928415688796014,0.408495193596849,1,0.854368932038835,0.605263157894737,0.878979324548046,1,0.56,"0"
549,"strikes","parliamentary_representation",0,841,"stock","company7",0,0.794871794871795,0.996461538588787,0,0.907627878033603,0.856599224909572,1,0.891304347826087,0.869565217391304,0.355846424762018,1,0.27,"0"
549,"strikes","parliamentary_representation",0,841,"stock","company8",0,0.761194029850746,0.995880597148652,0,0.787737845567207,0.865158441209014,1,0.903225806451613,0.900662251655629,0.364740459026671,1,0.33,"0"
549,"strikes","parliamentary_representation",0,841,"stock","company9",0,0.659574468085106,0.994127659718778,0,0.738105151729005,0.738578987205763,1,0.817073170731707,0.805194805194805,0.0018092584863193,1,0.51,"0"
549,"strikes","parliamentary_representation",0,841,"stock","binaryClass",0,0.829787234042553,0.997063829870165,0,0.831418079951544,0.932974248498477,1,0.94949494949495,0.948630136986301,0.592334963040916,1,0.3,"0"
549,"strikes","parliamentary_representation",0,967,"cars","name",0,0,0.982750001028531,0,0.464661843233945,0.211743558330685,0,0.25,0.25,0.57801624945778,1,0.65,"0"
549,"strikes","parliamentary_representation",0,1092,"Crash","R_Leg",0,0.958974358974359,0.995897435852728,0,0.976276550579578,0.971174395291685,1,0.970873786407767,0.966517857142857,0.177000806731429,1,0.27,"0"
549,"strikes","parliamentary_representation",0,1092,"Crash","D_P",0,0.964125560538117,0.996412556223934,0,0.980001580290371,0.975955842285659,1,0.973451327433628,0.96900826446281,0.168262829281745,1,0.28,"0"
549,"strikes","parliamentary_representation",0,1092,"Crash","Protection",0,0.970425138632163,0.997042513980887,0,0.991670371806777,0.981225626656866,1,0.988132911392405,0.980366492146597,0.556329894959218,1,0.26,"0"
549,"strikes","parliamentary_representation",0,1092,"Crash","Doors",1,0.963636363636364,0.996363636438017,0,0.991444165023948,0.975900161677427,1,0.986772486772487,0.974619289340102,0.644983718914075,1,0.26,"0"
549,"strikes","parliamentary_representation",0,1092,"Crash","Year",1,0.936507936507937,0.993650793910305,0,0.989922875805768,0.946238988903591,1,0.981773997569866,0.961139896373057,0.812557018762892,1,0.25,"0"
549,"strikes","parliamentary_representation",0,1092,"Crash","Wt",0,0.9618138424821,0.996181384343675,0,0.990570834161222,0.969074924747087,1,0.98567335243553,0.975328947368421,0.695096430270138,1,0.25,"0"
549,"strikes","parliamentary_representation",0,1092,"Crash","Size",0,0.627906976744186,0.962790699816117,0,0.668174807197944,0.768219522234355,0,0.642857142857143,0.642857142857143,0.30149825030341,1,0.32,"0"
549,"strikes","union_centralization",0,841,"stock","company6",0,0.384615384615385,0.989384615432997,0,0.912055778813696,0.532245028464918,1,0.854368932038835,0.605263157894737,0.811986560190502,1,0.52,"0"
549,"strikes","union_centralization",0,841,"stock","company7",0,0.794871794871795,0.996461538588787,0,0.886517112632234,0.886600371215218,1,0.891304347826087,0.869565217391304,0.00073366641363136,1,0.3,"0"
549,"strikes","union_centralization",0,841,"stock","company8",0,0.761194029850746,0.995880597148652,0,0.739227359389895,0.893368897748169,1,0.903225806451613,0.900662251655629,0.591095515225998,1,0.28,"0"
549,"strikes","union_centralization",0,841,"stock","company9",0,0.659574468085106,0.994127659718778,0,0.67825158786168,0.793271369776668,1,0.817073170731707,0.805194805194805,0.357483603883461,1,0.45,"0"
549,"strikes","union_centralization",0,841,"stock","binaryClass",0,0.829787234042553,0.997063829870165,0,0.792890293761357,0.946996832238175,1,0.94949494949495,0.948630136986301,0.737593768929907,1,0.26,"0"
549,"strikes","union_centralization",0,967,"cars","name",0,0,0.982750001028531,0,0.56424864878697,0.376656173468058,0,0.25,0.25,0.728377085318406,1,0.53,"0"
549,"strikes","union_centralization",0,1092,"Crash","R_Leg",0,0.958974358974359,0.995897435852728,0,0.970854783009835,0.977205054356516,1,0.970873786407767,0.966517857142857,0.217883824602298,1,0.28,"0"
549,"strikes","union_centralization",0,1092,"Crash","D_P",0,0.964125560538117,0.996412556223934,0,0.975431132649884,0.980986165817238,1,0.973451327433628,0.96900826446281,0.226100498984851,0.516666666666667,0.21,"0"
549,"strikes","union_centralization",0,1092,"Crash","Protection",0,0.970425138632163,0.997042513980887,0,0.989766714914152,0.985153448672535,1,0.988132911392405,0.980366492146597,0.310729821347961,1,0.28,"0"
549,"strikes","union_centralization",0,1092,"Crash","Doors",1,0.963636363636364,0.996363636438017,0,0.989488810733636,0.980942134253949,1,0.986772486772487,0.974619289340102,0.448459265773642,1,0.27,"0"
549,"strikes","union_centralization",0,1092,"Crash","Year",1,0.936507936507937,0.993650793910305,0,0.987619845408109,0.957486431314037,1,0.981773997569866,0.961139896373057,0.708795215867663,1,0.26,"0"
549,"strikes","union_centralization",0,1092,"Crash","Wt",0,0.9618138424821,0.996181384343675,0,0.988415888451244,0.975544817999691,1,0.98567335243553,0.975328947368421,0.526312601206186,1,0.27,"0"
549,"strikes","union_centralization",0,1092,"Crash","Size",0,0.627906976744186,0.962790699816117,0,0.592339331619537,0.816710752632898,0,0.642857142857143,0.642857142857143,0.550387708249447,1,0.33,"0"
841,"stock","company1",0,841,"stock","company6",0,0.384615384615385,0.989384615432997,0,0.966214290307025,0.47560914482002,1,0.854368932038835,0.605263157894737,0.935571512433451,1,0.52,"0"
841,"stock","company1",0,841,"stock","company7",0,0.794871794871795,0.996461538588787,0,0.956403049159925,0.872869917084175,1,0.891304347826087,0.869565217391304,0.657068178985292,1,0.23,"0"
841,"stock","company1",0,841,"stock","company8",0,0.761194029850746,0.995880597148652,0,0.89981844613918,0.880457978425938,1,0.903225806451613,0.900662251655629,0.16195533134135,1,0.3,"0"
841,"stock","company1",0,841,"stock","company9",0,0.659574468085106,0.994127659718778,0,0.876393260409316,0.768240617866167,1,0.817073170731707,0.805194805194805,0.46665917706276,1,0.32,"0"
841,"stock","company1",0,841,"stock","binaryClass",0,0.829787234042553,0.997063829870165,0,0.920434244397335,0.940579196029375,1,0.94949494949495,0.948630136986301,0.234253356017799,0.552380952380952,0.21,"0"
841,"stock","company1",0,967,"cars","name",0,0,0.982750001028531,0,0.118368708053691,0.301181554108335,0,0.25,0.25,0.207357483479361,1,0.94,"0"
841,"stock","company1",0,1092,"Crash","R_Leg",0,0.958974358974359,0.995897435852728,0,0.98880322291919,0.974445036894982,1,0.970873786407767,0.966517857142857,0.561855087217429,1,0.26,"0"
841,"stock","company1",0,1092,"Crash","D_P",0,0.964125560538117,0.996412556223934,0,0.990561328435466,0.978683966234229,1,0.973451327433628,0.96900826446281,0.557203198857268,1,0.26,"0"
841,"stock","company1",0,1092,"Crash","Protection",0,0.970425138632163,0.997042513980887,0,0.996068658128389,0.983355824692717,1,0.988132911392405,0.980366492146597,0.763800741158332,1,0.23,"0"
841,"stock","company1",0,1092,"Crash","Doors",1,0.963636363636364,0.996363636438017,0,0.995961895116122,0.978634603318743,1,0.986772486772487,0.974619289340102,0.810997897950521,1,0.23,"0"
841,"stock","company1",0,1092,"Crash","Year",1,0.936507936507937,0.993650793910305,0,0.995243890919112,0.952338878266068,1,0.981773997569866,0.961139896373057,0.90020987950223,1,0.24,"0"
841,"stock","company1",0,1092,"Crash","Wt",0,0.9618138424821,0.996181384343675,0,0.995549708388364,0.972583778723638,1,0.98567335243553,0.975328947368421,0.837676696333298,1,0.23,"0"
841,"stock","company1",0,1092,"Crash","Size",0,0.627906976744186,0.962790699816117,0,0.843388174807198,0.794518046795531,0,0.642857142857143,0.642857142857143,0.237831728040067,1,0.32,"0"
841,"stock","company2",0,841,"stock","company6",0,0.384615384615385,0.989384615432997,0,0.90750994213149,0.652273142255637,1,0.854368932038835,0.605263157894737,0.734015202425044,0.488888888888889,0.47,"0"
841,"stock","company2",0,841,"stock","company7",0,0.794871794871795,0.996461538588787,0,0.880651182327318,0.915699246429598,1,0.891304347826087,0.869565217391304,0.293660756643606,1,0.27,"0"
841,"stock","company2",0,841,"stock","company8",0,0.761194029850746,0.995880597148652,0,0.725748021925643,0.920730937391937,1,0.903225806451613,0.900662251655629,0.710962658630047,0.516666666666667,0.21,"0"
841,"stock","company2",0,841,"stock","company9",0,0.659574468085106,0.994127659718778,0,0.661620412844037,0.84631890334069,1,0.817073170731707,0.805194805194805,0.545832247296654,0.516666666666667,0.25,"0"
841,"stock","company2",0,841,"stock","binaryClass",0,0.829787234042553,0.997063829870165,0,0.782184793307087,0.960597693027546,1,0.94949494949495,0.948630136986301,0.81451609798477,0.552380952380952,0.19,"0"
841,"stock","company2",0,967,"cars","name",0,0,0.982750001028531,0,0.58566559372478,0.5366091152747,0,0.25,0.25,0.808001212903994,1,0.46,"0"
841,"stock","company2",0,1092,"Crash","R_Leg",0,0.958974358974359,0.995897435852728,0,0.969348266780371,0.983054344040322,1,0.970873786407767,0.966517857142857,0.447155048680061,1,0.28,"0"
841,"stock","company2",0,1092,"Crash","D_P",0,0.964125560538117,0.996412556223934,0,0.974161167927542,0.985865204612692,1,0.973451327433628,0.96900826446281,0.452963069396069,1,0.28,"0"
841,"stock","company2",0,1092,"Crash","Protection",0,0.970425138632163,0.997042513980887,0,0.98923775642097,0.988963143193332,1,0.988132911392405,0.980366492146597,0.0248814705534943,1,0.35,"0"
841,"stock","company2",0,1092,"Crash","Doors",1,0.963636363636364,0.996363636438017,0,0.988945487373714,0.985832471754517,1,0.986772486772487,0.974619289340102,0.219728915676539,1,0.28,"0"
841,"stock","company2",0,1092,"Crash","Year",1,0.936507936507937,0.993650793910305,0,0.986979915232868,0.968395611911609,1,0.981773997569866,0.961139896373057,0.588029208769437,1,0.27,"0"
841,"stock","company2",0,1092,"Crash","Wt",0,0.9618138424821,0.996181384343675,0,0.987817105739899,0.981820132099021,1,0.98567335243553,0.975328947368421,0.329868933786639,1,0.28,"0"
841,"stock","company2",0,1092,"Crash","Size",0,0.627906976744186,0.962790699816117,0,0.57126735218509,0.863743630909733,0,0.642857142857143,0.642857142857143,0.682188026070058,1,0.32,"0"
841,"stock","company3",0,841,"stock","company6",0,0.384615384615385,0.989384615432997,0,0.959053086320527,0.422882834495358,1,0.854368932038835,0.605263157894737,0.929049218898786,1,0.61,"0"
841,"stock","company3",0,841,"stock","company7",0,0.794871794871795,0.996461538588787,0,0.947162258867455,0.860087275782928,1,0.891304347826087,0.869565217391304,0.622352138247494,1,0.24,"0"
841,"stock","company3",0,841,"stock","company8",0,0.761194029850746,0.995880597148652,0,0.8785840085796,0.868438299470652,1,0.903225806451613,0.900662251655629,0.0771174974793249,1,0.32,"0"
841,"stock","company3",0,841,"stock","company9",0,0.659574468085106,0.994127659718778,0,0.850193630910374,0.744937737996444,1,0.817073170731707,0.805194805194805,0.41266744867362,1,0.38,"0"
841,"stock","company3",0,841,"stock","binaryClass",0,0.829787234042553,0.997063829870165,0,0.903569522259237,0.934604569052287,1,0.94949494949495,0.948630136986301,0.304646159419237,0.552380952380952,0.21,"0"
841,"stock","company3",0,967,"cars","name",0,0,0.982750001028531,0,0.0641098493212929,0.230916945420536,0,0.25,0.25,0.280222744165185,1,0.94,"0"
841,"stock","company3",0,1092,"Crash","R_Leg",0,0.958974358974359,0.995897435852728,0,0.986429959033492,0.971875543354618,1,0.970873786407767,0.966517857142857,0.517500332980242,1,0.27,"0"
841,"stock","company3",0,1092,"Crash","D_P",0,0.964125560538117,0.996412556223934,0,0.988560711812361,0.976540687418203,1,0.973451327433628,0.96900826446281,0.512377519684211,1,0.27,"0"
841,"stock","company3",0,1092,"Crash","Protection",0,0.970425138632163,0.997042513980887,0,0.995235372655356,0.981682290641387,1,0.988132911392405,0.980366492146597,0.739889565263595,1,0.23,"0"
841,"stock","company3",0,1092,"Crash","Doors",1,0.963636363636364,0.996363636438017,0,0.995105980202535,0.9764863611736,1,0.986772486772487,0.974619289340102,0.791864635091261,1,0.23,"0"
841,"stock","company3",0,1092,"Crash","Year",1,0.936507936507937,0.993650793910305,0,0.994235788155554,0.947546660647967,1,0.981773997569866,0.961139896373057,0.890107819337094,1,0.23,"0"
841,"stock","company3",0,1092,"Crash","Wt",0,0.9618138424821,0.996181384343675,0,0.99460642655945,0.96982713989848,1,0.98567335243553,0.975328947368421,0.821244210114571,1,0.23,"0"
841,"stock","company3",0,1092,"Crash","Size",0,0.627906976744186,0.962790699816117,0,0.810192802056555,0.773857302765092,0,0.642857142857143,0.642857142857143,0.160675094689082,1,0.35,"0"
841,"stock","company4",0,841,"stock","company6",0,0.384615384615385,0.989384615432997,0,0.91347326796335,0.636367996211955,1,0.854368932038835,0.605263157894737,0.762048633961589,0.488888888888889,0.48,"0"
841,"stock","company4",0,841,"stock","company7",0,0.794871794871795,0.996461538588787,0,0.888346235220908,0.911843300973364,1,0.891304347826087,0.869565217391304,0.210445799108922,1,0.27,"0"
841,"stock","company4",0,841,"stock","company8",0,0.761194029850746,0.995880597148652,0,0.743430505243089,0.917105143210534,1,0.903225806451613,0.900662251655629,0.676910706520255,0.516666666666667,0.21,"0"
841,"stock","company4",0,841,"stock","company9",0,0.659574468085106,0.994127659718778,0,0.683437544107269,0.839289477134226,1,0.817073170731707,0.805194805194805,0.492326016954356,0.516666666666667,0.25,"0"
841,"stock","company4",0,841,"stock","binaryClass",0,0.829787234042553,0.997063829870165,0,0.796228497880073,0.958795417957624,1,0.94949494949495,0.948630136986301,0.79266394241683,0.552380952380952,0.19,"0"
841,"stock","company4",0,967,"cars","name",0,0,0.982750001028531,0,0.557110128727873,0.515413456864312,0,0.25,0.25,0.78538152829043,1,0.46,"0"
841,"stock","company4",0,1092,"Crash","R_Leg",0,0.958974358974359,0.995897435852728,0,0.971324547006725,0.98227924390974,1,0.970873786407767,0.966517857142857,0.382023499527071,1,0.28,"0"
841,"stock","company4",0,1092,"Crash","D_P",0,0.964125560538117,0.996412556223934,0,0.975827134825107,0.985218674211241,1,0.973451327433628,0.96900826446281,0.388515772465773,1,0.28,"0"
841,"stock","company4",0,1092,"Crash","Protection",0,0.970425138632163,0.997042513980887,0,0.989931655491018,0.988458313567827,1,0.988132911392405,0.980366492146597,0.127653955238645,1,0.35,"0"
841,"stock","company4",0,1092,"Crash","Doors",1,0.963636363636364,0.996363636438017,0,0.989658230583332,0.985184444140878,1,0.986772486772487,0.974619289340102,0.301965480404128,1,0.28,"0"
841,"stock","company4",0,1092,"Crash","Year",1,0.936507936507937,0.993650793910305,0,0.987819389330021,0.966950016332861,1,0.981773997569866,0.961139896373057,0.63144881423679,1,0.27,"0"
841,"stock","company4",0,1092,"Crash","Wt",0,0.9618138424821,0.996181384343675,0,0.988602601713438,0.980988578689843,1,0.98567335243553,0.975328947368421,0.400497306296952,1,0.28,"0"
841,"stock","company4",0,1092,"Crash","Size",0,0.627906976744186,0.962790699816117,0,0.598910025706941,0.857511217733999,0,0.642857142857143,0.642857142857143,0.644746088412843,1,0.33,"0"
841,"stock","company6",0,1092,"Crash","R_Leg",0,0.933333333333333,0.613526564075313,0,0.668594290824145,0.951267336467476,0.0298507462686567,0.8,0.915178571428571,0.85295164753283,1,0.19,"0"
841,"stock","company6",0,1092,"Crash","D_P",0,0.94170403587444,0.662052396366538,0,0.720631247639697,0.959350866714762,0.197530864197531,0.817699115044248,0.921487603305785,0.854496492747288,1,0.2,"0"
841,"stock","company6",0,1092,"Crash","Protection",0,0.951940850277264,0.721396243306525,0,0.883638913986516,0.968259981761944,0.87,0.918512658227848,0.950261780104712,0.727228239908502,1,0.11,"0"
841,"stock","company6",0,1092,"Crash","Doors",1,0.940909090909091,0.657444010715655,0,0.880478908965525,0.959256732892637,0.880294659300184,0.909171075837742,0.935702199661591,0.659112322731298,1,0.1,"0"
841,"stock","company6",0,1092,"Crash","Year",1,0.896825396825397,0.401886380128788,0,0.859227196228565,0.909111455199627,0.851258581235698,0.874848116646416,0.901554404145078,0.35436005843896,1,0.18,"0"
841,"stock","company6",0,1092,"Crash","Wt",0,0.937947494033413,0.640275335083532,0,0.868278877310021,0.947717964557272,0.851936218678816,0.901623686723973,0.9375,0.60308540972749,1,0.1,"0"
841,"stock","company6",0,1092,"Crash","Size",0,0.395348837209302,0.714711523341122,0,0.784271017521299,0.608151150664242,1,0.592233009708738,0.0952380952380952,0.915466846447347,1,0.31,"0"
841,"stock","company7",0,1092,"Crash","R_Leg",0,0.8,0.137500040415865,0,0.743175225215111,0.798985711966075,0.656716417910448,0.732038834951456,0.743303571428571,0.217309590936897,0.535714285714286,0.18,"0"
841,"stock","company7",0,1092,"Crash","D_P",0,0.825112107623318,0.013653834850333,0,0.783501566447674,0.832328955689544,0.716049382716049,0.755752212389381,0.762396694214876,0.225532298043484,0.535714285714286,0.12,"0"
841,"stock","company7",0,1092,"Crash","Protection",0,0.855822550831793,0.164188703671886,0,0.909825302094357,0.869077602047165,0.954,0.890822784810127,0.849476439790576,0.311235515727956,0.535714285714286,0.19,"0"
841,"stock","company7",0,1092,"Crash","Doors",1,0.822727272727273,0.0269230920125738,0,0.907376437891463,0.831940669027935,0.957642725598527,0.878306878306878,0.805414551607445,0.448863912686094,0.535714285714286,0.16,"0"
841,"stock","company7",0,1092,"Crash","Year",1,0.69047619047619,0.442692304955104,0,0.890907299954656,0.625099578000835,0.947368421052632,0.83232077764277,0.702072538860104,0.709008863037269,0.535714285714286,0.31,"0"
841,"stock","company7",0,1092,"Crash","Wt",0,0.813842482100239,0.0733653947727255,0,0.897921952662211,0.784345131792962,0.947608200455581,0.868194842406877,0.810855263157895,0.526660129741241,0.535714285714286,0.11,"0"
841,"stock","company7",0,1092,"Crash","Size",0,0.448717948717949,0.904903844100093,0,0.721624144368388,0.381307794026459,1,0.695652173913043,0.634782608695652,0.550057600622955,0.535714285714286,0.24,"0"
841,"stock","company8",0,1092,"Crash","R_Leg",0,0.828205128205128,0.00408765655699279,0,0.888235142605539,0.786226108873474,0.940298507462687,0.699029126213592,0.662946428571429,0.477181910262787,0.5,0.11,"0"
841,"stock","company8",0,1092,"Crash","D_P",0,0.849775784753363,0.129134997104596,0,0.905784336529189,0.821685851677145,0.950617283950617,0.725663716814159,0.68801652892562,0.471631026719065,0.5,0.13,"0"
841,"stock","company8",0,1092,"Crash","Protection",0,0.876155268022181,0.282059530024998,0,0.960757826964107,0.860767158793859,0.992,0.877373417721519,0.802356020942408,0.718154332728204,0.5,0.09,"0"
841,"stock","company8",0,1092,"Crash","Doors",1,0.847727272727273,0.117259541442089,0,0.959692131652415,0.82127291809249,0.992633517495396,0.86331569664903,0.744500846023689,0.774472520239297,0.5,0.33,"0"
841,"stock","company8",0,1092,"Crash","Year",1,0.734126984126984,0.351194024394074,0,0.952525101701902,0.60130236124204,0.990846681922197,0.811664641555286,0.60880829015544,0.880925057780642,0.5,0.35,"0"
841,"stock","company8",0,1092,"Crash","Wt",0,0.840095465393795,0.073017183770883,0,0.955577734222219,0.770656201766034,0.990888382687927,0.851957975167144,0.751644736842105,0.806307098252278,0.5,0.22,"0"
841,"stock","company8",0,1092,"Crash","Size",0,0.358208955223881,0.889291041997828,0,0.360319351763584,0.418235909724349,1,0.729032258064516,0.721854304635762,0.0905398000087066,0.5,0.4,"0"
841,"stock","company9",0,1092,"Crash","R_Leg",0,0.879487179487179,0.301374928767305,0,0.909416127972573,0.889734935993826,0.925373134328358,0.840776699029126,0.828125,0.178489825006084,0.5,0.17,"0"
841,"stock","company9",0,1092,"Crash","D_P",0,0.894618834080718,0.389094704280388,0,0.923639507070654,0.908025152770463,0.938271604938272,0.854867256637168,0.840909090909091,0.169767656816254,0.5,0.22,"0"
841,"stock","company9",0,1092,"Crash","Protection",0,0.913123844731978,0.49637012204998,0,0.968194761186734,0.92818338073722,0.99,0.935126582278481,0.899214659685864,0.557132608861889,0.5,0.08,"0"
841,"stock","company9",0,1092,"Crash","Doors",1,0.893181818181818,0.380764160821655,0,0.967331029867381,0.907812160679135,0.990791896869245,0.927689594356261,0.869712351945855,0.645626035133411,0.5,0.08,"0"
841,"stock","company9",0,1092,"Crash","Year",1,0.813492063492063,0.0751063679043006,0,0.961522251160111,0.794350842261009,0.988558352402746,0.900364520048603,0.800518134715026,0.812896151567396,0.5,0.19,"0"
841,"stock","company9",0,1092,"Crash","Wt",0,0.887828162291169,0.349728477326969,0,0.963996367622241,0.881703942149232,0.988610478359909,0.921680993314231,0.873355263157895,0.695648079641181,0.5,0.07,"0"
841,"stock","company9",0,1092,"Crash","Size",0,0.0851063829787234,0.842180845858375,0,0.210744530698659,0.113382373940699,1,0.48780487804878,0.454545454545455,0.300232189453726,0.5,0.78,"0"
841,"stock","binaryClass",0,1092,"Crash","R_Leg",0,0.758974358974359,0.284308538651978,0,0.859276431223447,0.569932390722088,0.925373134328358,0.423300970873786,0.348214285714286,0.664492003458872,0.535714285714286,0.12,"0"
841,"stock","binaryClass",0,1092,"Crash","D_P",0,0.789237668161435,0.181542537496059,0,0.881372689883463,0.64126985262083,0.938271604938272,0.474336283185841,0.396694214876033,0.660929835558899,0.535714285714286,0.11,"0"
841,"stock","binaryClass",0,1092,"Crash","Protection",0,0.826247689463956,0.00720743534895462,0,0.950590026553091,0.71989313178074,0.99,0.76503164556962,0.617801047120419,0.819131210230909,0.535714285714286,0.14,"0"
841,"stock","binaryClass",0,1092,"Crash","Doors",1,0.786363636363636,0.192553197779482,0,0.949248205420886,0.640439118060089,0.990791896869245,0.738095238095238,0.505922165820643,0.85527227465003,0.535714285714286,0.19,"0"
841,"stock","binaryClass",0,1092,"Crash","Year",1,0.626984126984127,0.537553185649429,0,0.940224169997971,0.19790513508547,0.988558352402746,0.639125151883354,0.243523316062176,0.923586050126253,0.535714285714286,0.23,"0"
841,"stock","binaryClass",0,1092,"Crash","Wt",0,0.775656324582339,0.231090428026781,0,0.944067751535469,0.538609048610059,0.988610478359909,0.716332378223496,0.519736842105263,0.875701474977119,0.535714285714286,0.23,"0"
841,"stock","binaryClass",0,1092,"Crash","Size",0,0.542553191489362,0.921090423218802,0,0.491955632949727,0.710822273956596,1,0.858585858585859,0.856164383561644,0.416372203596968,0.535714285714286,0.21,"0"
967,"cars","name",0,1092,"Crash","R_Leg",0,0.958974358974359,0.762170180180468,0,0.987299932315139,0.963431184086145,1,0.961165048543689,0.955357142857143,0.652707713731307,1,0.16,"0"
967,"cars","name",0,1092,"Crash","D_P",0,0.964125560538117,0.792032232465645,0,0.989294082854413,0.969497036188602,1,0.964601769911504,0.958677685950413,0.649020429234936,1,0.16,"0"
967,"cars","name",0,1092,"Crash","Protection",0,0.970425138632163,0.828551524901271,0,0.995540832196493,0.97618240416358,1,0.984177215189873,0.973821989528796,0.81277842507143,1,0.13,"0"
967,"cars","name",0,1092,"Crash","Doors",1,0.963636363636364,0.789196302678165,0,0.995419735074326,0.969426398506131,1,0.982363315696649,0.966159052453469,0.85018889820381,1,0.13,"0"
967,"cars","name",0,1092,"Crash","Year",1,0.936507936507937,0.631930059810634,0,0.994605330908357,0.931797561993204,1,0.975698663426488,0.948186528497409,0.92090210776475,1,0.15,"0"
967,"cars","name",0,1092,"Crash","Wt",0,0.9618138424821,0.778630963245823,0,0.994952207740027,0.960767748136099,1,0.980897803247373,0.967105263157895,0.871335648091681,1,0.14,"0"
967,"cars","name",0,1092,"Crash","Size",0,0.627906976744186,0.536406250958184,0,0.822361312916806,0.705958028995239,0,0.523809523809524,0.523809523809524,0.395873022901491,1,0.16,"0"
