Num,dataset_OpenML_id,dataset_name,dataset_topic,num_instances,num_attributes,dimensionality,numeric_attr_num,numeric_attr_pct,nominal_attr_num,nominal_attr_pct,other_attr_num,other_attr_pct,numeric_to_nominal_num,nominal_to_numeric_num,nominal_values_avg,nominal_values_std,nominal_values_min,nominal_values_max,numeric_mean_avg,numeric_mean_std,numeric_mean_min,numeric_mean_max,min_numeric_value_min,min_numeric_value_max,min_numeric_value_avg,min_numeric_value_std,max_numeric_value_min,max_numeric_value_max,max_numeric_value_avg,max_numeric_value_std,numeric_std_avg,numeric_std_std,numeric_std_min,numeric_std_max,numeric_range_avg,numeric_range_std,numeric_range_min,numeric_range_max,numeric_coofvar_avg,numeric_coofvar_std,numeric_coofvar_min,numeric_coofvar_max,missing_attr_cnt,missing_attr_pct,missing_instances_max_cnt,missing_instances_max_pct,missing_instances_min_cnt,missing_instances_min_pct,missing_instances_mean,missing_instances_mean_pct
1,1,anneal,Steel,898,39,4.34298440979955,3,7.69230769230769,36,92.3076923076923,0,0,3,0,3,2.17306746840088,1,10,681.648848181143,519.901825742186,1.19854899777283,1263.09465478842,0,0.24,0.08,0.113137084989848,4,4880,2136.33333333333,2037.0142092997,759.205334503544,803.588262029837,0.871208280971893,1871.39910726659,2136.25333333333,2037.09795420402,3.76,4880,0.748708288030415,0.196875495313906,0.519239035818231,1,0,0,0,0,0,0,0,0
2,6,letter,Letter Handwriting Recognition,20000,17,0.085,16,94.1176470588235,1,5.88235294117647,0,0,0,0,26,0,26,26,5.925465625,1.76406601551632,3.0461,8.33885,0,0,0,0,15,15,15,0,2.2737711454464,0.417119076711207,1.5467224363197,3.30455530356018,15,0,15,15,0.428470744889447,0.165493511710237,0.18548390201523,0.765746643982201,0,0,0,0,0,0,0,0
3,8,liver-disorders,Health Measurements,345,7,2.02898550724638,6,85.7142857142857,1,14.2857142857143,0,0,0,0,2,0,2,2,42.8028985507246,28.9464119919165,3.45507246376812,90.1594202898551,0,65,17,22.6789182575654,20,297,132.5,85.3165673633595,15.8275034008022,12.1617820063053,3.33783526457713,39.2546161675509,115.5,90.3894352233711,20,292,0.554689453249853,0.350525431317654,0.049335898130934,1,0,0,0,0,0,0,0,0
4,12,mfeat-factors,Digit Handwriting Recognition,2000,217,10.85,214,98.6175115207373,3,1.38248847926267,0,0,2,0,13.3333333333333,2.35702260395516,10,15,321.124913551402,346.286065430589,6.7675,1141.5705,0,761,189.775700934579,237.574909324189,17,1353,478.873831775701,479.710872781467,50.0233568933578,46.0649048717924,2.59482375223301,153.511581389028,289.098130841121,266.927332153738,17,830,0.314185806956871,0.173075790259503,0.068395007988347,0.802994095322465,0,0,0,0,0,0,0,0
5,14,mfeat-fourier,Digit Handwriting Recognition,2000,77,3.85,76,98.7012987012987,1,1.2987012987013,0,0,0,0,10,0,10,10,0.13203208443421,0.068011409504198,0.0716920355,0.377310561499999,0.000176,0.011919,0.003192157894737,0.002462852336817,0.229024,0.796487,0.381951355263158,0.148974845710849,0.067107951802523,0.03188738694141,0.037555498731065,0.176230660572629,0.378759197368421,0.147374232782077,0.226958,0.794397,0.513683673886405,0.042767490517839,0.395775352570662,0.596195913977856,0,0,0,0,0,0,0,0
6,16,mfeat-karhunen,Digit Handwriting Recognition,2000,65,3.25,64,98.4615384615385,1,1.53846153846154,0,0,0,0,10,0,10,10,0.05308473853125,0.733659609274645,-1.8197072755,2.891171131,-16.459305,-2.617629,-6.756514515625,3.34746653838535,2.678558,17.049015,6.8937249375,3.87302102164184,2.15266282917897,1.36294953106868,0.892344109273945,7.69130519154735,13.650239453125,6.9681971329314,5.634209,32.234116,1,0,1,1,0,0,0,0,0,0,0,0
7,17,bridges,Constructions,107,13,12.1495327102804,4,30.7692307692308,9,69.2307692307692,0,0,0,1,14.8888888888889,32.5864472320914,2,107,875.297218955562,869.334412282534,2.6304347826087,1905.23364485981,1,1818,656,746.692373069392,6,4558,1650.5,1859.14624223056,199.916616987063,316.409316706712,1.16465710941596,747.491523136212,994.5,1594.30588344897,5,3754,0.366998282758813,0.202895157280994,0.019598112059886,0.528754827022947,9,69.2307692307692,26,24.2990654205607,1,0.934579439252336,5.61538461538461,5.24802300503235
8,18,mfeat-morphological,Digit Handwriting Recognition,2000,7,0.35,3,42.8571428571429,4,57.1428571428571,0,0,3,0,6.5,2.5,3,10,2104.4196298125,2865.03147265043,1.639568783,6155.2004351545,1.14313,1439.53494,513.395643666667,656.109468213139,2.55883,17572.199943,5935.34521133333,8229.02865952237,1260.97859878092,1765.43113653323,0.291315714508913,3757.63446700545,5421.94956766667,7573.80647508436,1.4157,16132.665003,0.316016923087858,0.208344306210876,0.1598912659611,0.610481251844259,0,0,0,0,0,0,0,0
9,19,bridges,Constructions,107,13,12.1495327102804,1,7.69230769230769,12,92.3076923076923,0,0,0,1,12.0833333333333,28.6369759033472,2,107,25.8556603773585,0,25.8556603773585,25.8556603773585,1,1,1,0,52,52,52,0,13.6713052303943,0,13.6713052303943,13.6713052303943,51,0,51,51,0.528754827022947,0,0.528754827022947,0.528754827022947,9,69.2307692307692,26,24.2990654205607,1,0.934579439252336,5.61538461538461,5.24802300503235
10,22,mfeat-zernike,Digit Handwriting Recognition,2000,48,2.4,47,97.9166666666667,1,2.08333333333333,0,0,0,0,10,0,10,10,88.6364294154893,104.043210563008,0.07855427,508.902571644,0.001094,322.226686,13.0345996170213,49.2940784721586,0.496841,777.861827,221.225237914894,205.239639130468,40.1254529212121,36.0608741771404,0.066552005239074,124.192493647997,208.190638297872,184.049281422221,0.495747,613.857055,0.575439882950752,0.163708852533852,0.139531678808956,0.889135855234024,0,0,0,0,0,0,0,0
11,23,cmc,Citizen Census Data,1473,10,0.678886625933469,1,10,9,90,0,0,0,0,4.44444444444444,3.8329307357023,2,15,32.5383570943652,0,32.5383570943652,32.5383570943652,16,16,16,0,49,49,49,0,8.22724475547061,0,8.22724475547061,8.22724475547061,33,0,33,33,0.252847577141359,0,0.252847577141359,0.252847577141359,0,0,0,0,0,0,0,0
12,25,colic,Disease,368,28,7.60869565217391,8,28.5714285714286,20,71.4285714285714,0,0,0,1,6.6,13.0245921241319,2,63,137448.826331616,363573.110543297,2.94812030075188,1099372.85869565,0.1,514279,64295.1,170077.928099879,8.5,5305630,663266.675,1754648.40844371,193133.574973872,510949.780779595,0.711683852465897,1544979.62707996,598971.575,1584570.48076001,5.4,4791351,0.536254563517421,0.32394488106055,0.018662492491563,1,21,75,299,81.25,2,0.543478260869565,68.8214285714286,18.7014751552795
13,28,optdigits,Digit Handwriting Recognition,5620,65,1.15658362989324,47,72.3076923076923,18,27.6923076923077,0,0,0,0,7,4.58257569495584,1,15,6.60423260392216,3.59805430794151,0.138256227758007,11.9896797153025,0,0,0,0,15,16,15.9787234042553,0.144304893257984,4.83579775807682,1.37661889578992,1.04699800615167,6.518238490323,15.9787234042553,0.144304893257984,15,16,0.777972371465766,0.214669082131341,0.339213943400424,1,0,0,0,0,0,0,0,0
14,29,credit-approval,Credit Card Applications,690,16,2.31884057971015,6,37.5,10,62.5,0,0,0,0,4.2,3.84187454245971,2,14,207.058429970225,368.041085615962,2.22340579710145,1017.38550724638,0,13.75,2.29166666666667,5.12432244843702,28,100000,17033.9583333333,37110.3716551543,901.509140944706,1927.8341954208,3.34651335927813,5210.10259830269,17031.6666666667,37111.4189318987,28,100000,0.88722018102624,0.228275193795006,0.378794909075721,1,7,43.75,13,1.88405797101449,6,0.869565217391304,4.1875,0.606884057971015
15,30,page-blocks,Document Classification,5473,11,0.200986661794263,10,90.9090909090909,1,9.09090909090909,0,0,0,0,5,0,5,5,253.327586314635,386.95112783912,0.368642426457153,1198.40562762653,0.007,7,2.5121,2.96479565737674,1,143993,23320.6,43069.671171719,840.233619297836,1471.6508891412,0.170661278807538,4849.37695008373,23318.0879,43067.3826139218,0.938,143986,0.869958120181581,0.266738887811772,0.217388330454771,1,0,0,0,0,0,0,0,0
16,32,pendigits,Digit Handwriting Recognition,10992,17,0.154657933042213,16,94.1176470588235,1,5.88235294117647,0,0,0,0,10,0,10,10,50.711045533115,16.2299118827652,28.8453420669578,85.120269286754,0,0,0,0,100,100,100,0,29.7742382373347,6.57019127742568,16.2185706754934,41.760399833122,100,0,100,100,0.647405235664541,0.233864105446465,0.190537116616209,1,0,0,0,0,0,0,0,0
17,36,segment,Image Pixel Classification,2310,20,0.865800865800866,16,80,4,20,0,0,0,0,3.75,2.1650635094611,1,7,28.6881681835498,40.3736688492642,-12.6908603593074,124.913852813853,-49.6667,11,-5.44026125,14.6369089885817,1,1386.33,237.646841875,374.569974214446,30.0571991738233,22.444160218702,0.228309412531965,72.9565324905791,243.087103125,371.280023331004,1,1386.33,0.896721680288403,0.180581691252918,0.465768117305791,1,0,0,0,0,0,0,0,0
18,40,sonar,Signal Measurements,208,61,29.3269230769231,60,98.3606557377049,1,1.63934426229508,0,0,0,0,2,0,2,2,0.281321290064103,0.225775926329631,0.006507211538462,0.702154807692308,0,0.0921,0.018943333333333,0.021121508521463,0.0352,1,0.655823333333333,0.373755772471216,0.142237827005007,0.094347985633399,0.005031043332932,0.264120969748447,0.63688,0.359510796221755,0.0342,0.9969,0.606593512253519,0.144032077958161,0.338961476975001,0.876709398845102,0,0,0,0,0,0,0,0
19,41,glass,Glass,214,10,4.67289719626168,9,90,1,10,0,0,0,0,6,0,6,6,11.2658516095535,22.1303262938351,0.057009345794393,72.6509345794392,0,69.81,9.75235,21.5108411933766,0.51,75.41,14.26377,22.3687831331692,0.689540777640776,0.47432119179831,0.003036863739385,1.44240784487044,4.51142,3.11618222938832,0.02278,10.76,0.457254992440908,0.415722161533273,0.002000087527193,1,0,0,0,0,0,0,0,0
20,43,haberman,Disease,306,4,1.30718954248366,2,50,2,50,0,0,0,0,7,5,2,12,28.2418300653595,24.2156862745098,4.02614379084967,52.4575163398693,0,30,15,15,52,83,67.5,15.5,8.99655292777592,1.80689942152736,7.18965350624855,10.8034523493033,52.5,0.5,52,53,0.602973349703676,0.397026650296324,0.205946699407351,1,0,0,0,0,0,0,0,0
21,44,spambase,Email Word Statistics,4601,58,1.26059552271245,57,98.2758620689655,1,1.72413793103448,0,0,0,0,2,0,2,2,6.15077019107212,37.662138289822,0.005444468593784,283.289284938057,0,1,0.052631578947368,0.223296878269436,2.17,15841,483.942070175439,2437.26573408997,15.1939976945468,83.0898416812199,0.076274270637252,606.347850724847,483.889438596491,2437.08232312763,2.17,15840,1,0,1,1,0,0,0,0,0,0,0,0
22,55,hepatitis,Disease,155,20,12.9032258064516,6,30,14,70,0,0,0,0,2,0,2,2,49.9194153755571,38.8571959372658,1.42751677852349,105.325396825397,0,26,8.23333333333333,9.29850645115775,6.4,648,189.233333333333,226.665110288774,29.7439654543935,31.7941773435663,0.651523082616213,89.6508897385022,181,220.933542043756,4.3,634,0.5306134678735,0.29715632948244,0.170677927786758,1,15,75,67,43.2258064516129,1,0.645161290322581,8.35,5.38709677419355
23,59,ionosphere,Signal Measurements,351,35,9.97150997150997,32,91.4285714285714,3,8.57142857142857,0,0,0,0,1.66666666666667,0.471404520791032,1,2,0.235311250890313,0.21980112870266,-0.071186866096866,0.641341851851852,-1,-1,-1,0,1,1,1,0,0.532598197695409,0.053631988349138,0.44143477986208,0.652827832222125,2,0,2,2,0.983756650841137,0.047815860402629,0.776041983043676,1,0,0,0,0,0,0,0,0
24,150,covertype,Plantation Measurements,581012,55,0.009466241661102,10,18.1818181818182,45,81.8181818181818,0,0,0,0,2.11111111111111,0.737027731190089,2,7,0.455473434746959,0.234382936796207,0.192862044171205,0.879207722127942,0,0,0,0,1,1,1,0,0.152946275344146,0.067807711604606,0.075316866662776,0.310871444655242,1,0,1,1,0.437434253598998,0.250245042776209,0.088522331385822,0.788890101232708,0,0,0,0,0,0,0,0
25,151,electricity,Product Pricing,45312,9,0.019862288135593,7,77.7777777777778,2,22.2222222222222,0,0,0,0,4.5,2.5,2,7,0.344182037590168,0.201273252761292,0.003467033898305,0.500526390911899,0,0,0,0,1,1,1,0,0.160418480366801,0.112812067140553,0.010213038212795,0.340307721790295,1,0,1,1,0.562687354873452,0.238093571803765,0.286027508681284,1,0,0,0,0,0,0,0,0
26,179,adult,Citizen Census Data,48842,15,0.03071127308464,2,13.3333333333333,13,86.6666666666667,0,0,0,0,9.30769230769231,9.95671103701198,2,41,94837.1063429014,94827.0282543711,10.0780885303632,189664.134597273,1,12285,6143,6142,16,1490400,745208,745192,52803.2981979565,52800.7272252009,2.57097275559226,105604.025423157,739065,739050,15,1478115,0.405950055051064,0.150844858480659,0.255105196570405,0.556794913531722,3,20,2809,5.7511977396503,857,1.75463740223578,431,0.882437246631997
27,180,covertype,Plantation Measurements,110393,55,0.049821999583307,10,18.1818181818182,45,81.8181818181818,0,0,4,0,2.11111111111111,0.737027731190089,2,7,834.713672968394,1068.54253495202,14.0951690777495,2957.98094082053,-173,1871,169.8,569.407551758844,65,7142,2121.7,2712.34065154066,363.552903258886,547.55858050897,7.47129089498005,1558.38620913572,1951.9,2642.2131045773,65,7142,0.49464846722182,0.310351944883197,0.088111917691223,1,0,0,0,0,0,0,0,0
28,183,abalone,Animal Profile,4177,9,0.215465645199904,7,77.7777777777778,2,22.2222222222222,0,0,0,0,15.5,12.5,3,28,0.382703409829337,0.220641646752527,0.139516399329662,0.828742159444578,0,0.075,0.019285714285714,0.029408280105703,0.65,2.8255,1.23907142857143,0.697112228542631,0.174618388907429,0.138213549127947,0.041827056607257,0.490389018230998,1.21978571428571,0.710186940034748,0.595,2.8235,0.453069588512728,0.170902905865684,0.229188403142103,0.617648941701737,0,0,0,0,0,0,0,0
29,185,baseball,Baseball Player,1340,18,1.34328358208955,15,83.3333333333333,3,16.6666666666667,0,0,0,0,449.666666666667,628.855750991875,3,1339,637.424055080658,1124.61648819665,0.268773880597015,4534.61268656717,0,252,34.3584,67.8072177080484,0.366,14053,2196.76926666667,3449.51183675581,324.929667909498,514.979011670078,0.02519288408443,2094.19112380423,2162.41086666667,3386.89019655589,0.18,13801,0.465435598573882,0.281267320928874,0.026069600870727,1,1,5.55555555555556,20,1.49253731343284,20,1.49253731343284,1.11111111111111,0.082918739635158
30,187,wine,Food Nutritional Facts,178,14,7.86516853932584,13,92.8571428571429,1,7.14285714285714,0,0,0,0,3,0,3,3,69.1336629209162,197.342029213705,0.36185393258427,746.893258426966,0.13,278,28.9707692307692,74.1693434971141,0.66,1680,148.29,444.122386580026,26.1777852313261,83.4279566113766,0.124453340296679,314.907474276849,119.319230769231,371.02699541971,0.53,1402,0.294629593235291,0.138796513583953,0.062445226789151,0.492225702314488,0,0,0,0,0,0,0,0
31,196,autoMpg,Car,398,8,2.01005025125628,5,62.5,3,37.5,0,0,0,0,7,4.32049379893857,3,13,661.480510716849,1156.2666505349,15.5680904522613,2970.42462311558,8,1613,348.8,632.51036355146,24.8,5140,1179.28,1986.39396938271,200.035289108746,325.420610621334,2.75768892981268,846.841774197328,830.48,1354.73723267651,16.8,3527,0.340426092829875,0.11835007856677,0.177137262804901,0.539068704230595,1,12.5,6,1.50753768844221,6,1.50753768844221,0.75,0.188442211055276
32,203,lowbwt,Health Measurements,189,10,5.29100529100529,3,30,7,70,0,0,0,0,3,1.4142135623731,2,6,1032.569664903,1352.74917772218,23.2380952380952,2944.65608465608,14,709,267.666666666667,313.230834298853,45,4990,1761.66666666667,2284.31001009544,254.966825048762,335.366770938352,5.29867793340426,729.022416860132,1494,1971.52343802113,31,4281,0.237051054192969,0.008053623366505,0.228016878281741,0.247574723805234,0,0,0,0,0,0,0,0
33,205,sleep,Animal Profile,62,8,12.9032258064516,5,62.5,3,37.5,0,0,0,0,5,0,5,5,130.937594104561,104.622868597515,10.5327586206897,283.134193548387,0.005,12,3.349,4.44298593290593,19.9,6654,2626.18,2927.28454537648,399.811001437874,423.453483460779,4.60676039959865,930.27894225431,2622.831,2929.68852053661,17.3,6653.995,0.870658671541557,0.219075860104893,0.437374534582946,1,3,37.5,4,6.45161290322581,4,6.45161290322581,1.5,2.41935483870968
34,216,elevators,Aircraft Performance,16599,19,0.114464726790771,15,78.9473684210526,4,21.0526315789474,0,0,0,0,8.25,5.35607132140714,3,15,-2.39198923670101,4.71785584504302,-12.7987830592204,0.054490029519851,-993,0.012,-78.9472866666667,245.778337203727,-3,973,74.8209333333333,241.344670881975,21.3368975158061,68.8025697227286,0.000402490566357,277.593631670621,153.76822,487.077026282726,0.0034,1966,0.759514822904315,0.264343672267521,0.310616451350745,1,0,0,0,0,0,0,0,0
35,222,echoMonths,Disease,130,10,7.69230769230769,7,70,3,30,0,0,0,0,2,0,2,2,16.8560111513362,20.1140542741813,0.216869918699187,62.828232,0,35,5.76571428571429,11.9682864952613,0.61,86,33.1985714285714,29.5352682294872,5.4341797065913,5.28975308364836,0.107941845252667,15.8582672272667,27.4328571428571,22.5891912928574,0.6,56.97,0.400162530414627,0.201132327992364,0.133285357965137,0.714886274107135,7,70,57,43.8461538461538,1,0.769230769230769,9.7,7.46153846153846
36,224,breastTumor,Disease,286,10,3.4965034965035,2,20,8,80,0,0,0,0,4.625,5.14629721255973,2,18,37.7972027972028,13.1398601398601,24.6573426573427,50.9370629370629,0,29,14.5,14.5,50,74,62,12,10.0409612680415,0.317257704454406,9.72370356358708,10.3582189724959,47.5,2.5,45,50,0.305491510460696,0.114595078611032,0.190896431849664,0.420086589071728,2,20,8,2.7972027972028,1,0.34965034965035,0.9,0.314685314685315
37,230,machine_cpu,CPU Performance Data,209,7,3.34928229665072,6,85.7142857142857,1,14.2857142857143,0,0,0,0,15,0,15,15,2502.84210526316,4278.68553901396,18.2679425837321,11796.1531100478,0,64,25.1666666666667,28.0381684296405,176,64000,16513.6666666667,24108.9951793009,2682.1711390853,4271.78017593272,25.9973182063028,11726.5643771665,16488.5,24083.5384149284,176,63936,0.99901678775795,0.002198529409535,0.994100726547698,1,0,0,0,0,0,0,0,0
38,232,fishcatch,Animal Profile,158,8,5.06329113924051,6,75,2,25,0,0,0,0,4.5,2.5,2,7,87.8132911392405,139.137596110726,14.1196202531646,398.695569620253,0,14.5,7.98333333333333,4.23848112207926,20.9,1650,317.633333333333,596.055927651835,67.0120392716922,130.65518323337,2.28122938307087,359.086203717146,309.65,599.643226566153,12.2,1650,0.414946454357978,0.230572962992182,0.161564499764758,0.90065260584452,1,12.5,87,55.0632911392405,87,55.0632911392405,10.875,6.88291139240506
39,285,flags,Flags,194,30,15.4639175257732,2,6.66666666666667,28,93.3333333333333,0,0,0,0,11.4285714285714,35.2981470288947,2,194,361.657216494845,338.389175257732,23.2680412371134,700.046391752577,0,0,0,0,1008,22402,11705,10697,1131.4310084527,1039.4969235431,91.9340849095921,2170.9279319958,11705,10697,1008,22402,1,0,1,1,0,0,0,0,0,0,0,0
40,287,wine_quality,Food Nutritional Facts,6497,12,0.184700631060489,11,91.6666666666667,1,8.33333333333333,0,0,0,0,7,0,7,7,15.8980941697007,32.6857990524996,0.056033861782361,115.744574418963,0,8,2.12873727272727,2.6003657262501,0.611,440,76.0454527272727,140.886874417671,7.4705257485039,16.2975245726705,0.002998673003719,56.5218545226303,73.9167154545455,140.017782680703,0.05187,434,0.376026293127098,0.260284135990991,0.003014660854104,0.874076435519847,0,0,0,0,0,0,0,0
41,300,isolet,Voice Recognition,7797,618,7.92612543285879,610,98.705501618123,8,1.29449838187702,0,0,0,0,8.375,7.85712256490886,2,26,0.07244666822254,0.450430698509481,-0.985512735667564,0.811861356932153,-1,-0.4468,-0.934058360655738,0.115111640196758,0.1794,1,0.98265737704918,0.096052910554064,0.411668951004329,0.118358388649841,0.054925852703404,0.757702766181939,1.91671573770492,0.14259454447131,1.1794,2,0.82682737966295,0.248482556371125,0.055733275396181,1,0,0,0,0,0,0,0,0
42,307,vowel,Sound Measurements,990,13,1.31313131313131,10,76.9230769230769,3,23.0769230769231,0,0,0,0,9.33333333333333,5.43650214343336,2,15,-0.103180404040404,1.22159250561827,-3.20374040404041,1.88176363636364,-5.211,-0.836,-1.9467,1.17188097091812,-0.941,5.074,1.8246,1.39974684854084,0.699331810942439,0.191674757434799,0.46192683815132,1.17527200418152,3.7713,0.969716664804725,2.922,6.348,0.885395398953984,0.232906438275565,0.271241453541874,1,0,0,0,0,0,0,0,0
43,313,spectrometer,Spectrometer Measurements,531,103,19.3973634651601,100,97.0873786407767,3,2.9126213592233,0,0,0,0,194.333333333333,238.736023441978,4,531,4677.60828730322,3373.95095916233,-9.85009416195857,12541.2099774388,-679.2621,3020.2297,933.97536212,941.577945164445,0,36548.805,10113.006955,6124.90399657449,1314.81607767978,976.006025265738,0,5503.16793885706,9179.03159288,6289.33510397718,0,36261.65043,0.377031698481127,0.24586454295276,0,1,0,0,0,0,0,0,0,0
44,315,us_crime,Criminal Demographics,1994,128,6.41925777331996,123,96.09375,4,3.125,1,0.78125,0,0,7.75,5.06828373317832,3,15,376.570414161787,4147.60651047178,0.022778335005015,46188.3365973072,0,70,0.585365853658537,6.28577802296228,1,94597,777.341463414634,8494.36796466788,207.038682973485,2271.81390086065,0.087189468406862,25299.7265692433,776.756097560976,8488.08286583372,1,94527,0.639123239771474,0.267747905821412,0.14301304469607,1,25,19.53125,1675,84.0020060180542,1,0.050150451354062,306.265625,15.359359327984
45,327,bridges,Constructions,105,13,12.3809523809524,4,30.7692307692308,9,69.2307692307692,0,0,0,1,14.6666666666667,31.9583061712184,2,105,874.875774056526,868.93548292926,2.6304347826087,1903.73333333333,1,1818,656,746.692373069392,6,4558,1648.5,1858.78851674955,199.599859553613,316.572057313497,1.16465710941596,747.491523136212,992.5,1595.34612231954,5,3754,0.368035215242845,0.204146104694097,0.018934645363179,0.533566023655784,7,53.8461538461538,24,22.8571428571429,1,0.952380952380952,4.69230769230769,4.46886446886447
46,328,bridges,Constructions,105,13,12.3809523809524,1,7.69230769230769,12,92.3076923076923,0,0,0,1,11.9166666666667,28.084569705722,2,105,25.6701923076923,0,25.6701923076923,25.6701923076923,1,1,1,0,52,52,52,0,13.6967424360947,0,13.6967424360947,13.6967424360947,51,0,51,51,0.533566023655784,0,0.533566023655784,0.533566023655784,7,53.8461538461538,24,22.8571428571429,1,0.952380952380952,4.69230769230769,4.46886446886447
47,343,white-clover,Plantation Measurements,63,32,50.7936507936508,27,84.375,5,15.625,0,0,0,0,4,1.54919333848297,3,7,13.5919694297472,8.3913531216323,0.426031746031746,30.5174603174603,0,0,0,0,7.69,100,44.4662962962963,25.3158877282185,9.66923368427465,5.03983670667297,1.08853488346691,20.7060108125288,44.4662962962963,25.3158877282185,7.69,100,0.779301820343994,0.180788166884053,0.440590643626313,1,0,0,0,0,0,0,0,0
48,375,JapaneseVowels,Sound Measurements,9961,15,0.150587290432687,14,93.3333333333333,1,6.66666666666667,0,0,0,0,9,0,9,9,2.05327229241901,5.55946396290684,-0.528715657664894,20.3643208513202,-1.852765,1,-0.503683214285714,0.705530968336227,0.27783,88,8.95825464285714,23.1004956065313,1.70555174411717,4.13381758862791,0.097998558921646,15.8788361574113,9.46193785714286,22.5688843637319,0.715905,87,0.85666828537986,0.154885627591821,0.597193313988857,1,0,0,0,0,0,0,0,0
49,378,ipums_la_99-small,Citizen Census Data,8844,61,0.68973315241972,1,1.63934426229508,60,98.3606557377049,0,0,0,1,101.666666666667,325.479782611592,1,2241,63377.5360696518,0,63377.5360696518,63377.5360696518,0,0,0,0,999999,999999,999999,0,136955.617707334,0,136955.617707334,136955.617707334,999999,0,999999,999999,1,0,1,1,18,29.5081967213115,6172,69.7874265038444,168,1.89959294436906,844.508196721311,9.54893935686693
50,451,irish,Citizen Census Data,500,6,1.2,2,33.3333333333333,4,66.6666666666667,0,0,0,0,4.25,3.34477204006491,2,10,69.5432995780591,30.6087004219409,38.9345991561181,100.152,18,65,41.5,23.5,75,140,107.5,32.5,15.3950273876617,0.061320608769159,15.3337067788926,15.4563479964309,66,9,57,75,0.27408065194701,0.119751751910756,0.154328900036254,0.393832403857767,2,33.3333333333333,26,5.2,6,1.2,5.33333333333333,1.06666666666667
51,470,profb,Football Matches,672,10,1.48809523809524,4,40,6,60,0,0,0,0,11,12.0554275466834,1,28,13.5009300595238,6.8745838637772,5.31026785714286,22.953869047619,0,1,0.25,0.433012701892219,17,61,36.125,18.5687068747396,6.85805466182198,2.8266671823626,3.31416576411776,9.96548215022995,35.875,18.8294151528931,16,61,0.539427472908923,0.067943893144286,0.434152609721525,0.624105196437476,2,20,640,95.2380952380952,560,83.3333333333333,120,17.8571428571429
52,473,cjs,Plantation Measurements,2796,35,1.25178826895565,24,68.5714285714286,11,31.4285714285714,0,0,0,0,9.63636363636364,15.3934621734667,1,57,61.5495125709685,278.778935808903,0.437625178826896,1398.5,0,1,0.2375,0.235959918912796,3.8,2796,135.708333333333,555.930593627078,36.7716757358442,160.71128677315,0.334065771371351,807.280000990982,135.470833333333,555.773803268295,3.6,2795,0.784608153516705,0.143627226976352,0.545877064008226,1,29,82.8571428571429,2795,99.964234620887,12,0.429184549356223,1945.71428571429,69.5892090741876
53,477,fl2000,Voting Results,67,17,25.3731343283582,12,70.5882352941177,5,29.4117647058824,0,0,0,0,16.6,25.2396513446601,2,67,7631.33084577115,16029.5406299422,8.38805970149254,43453.9850746269,0,1317,179.583333333333,405.252484741166,87,387703,60459.5833333333,126155.312037358,11786.5460408943,24603.7845057558,15.0483616584146,75070.4350556141,60280,125787.27675193,87,386914,1,0,1,1,0,0,0,0,0,0,0,0
54,480,prnn_viruses,Viruses,61,19,31.1475409836066,3,15.7894736842105,16,84.2105263157895,0,0,7,0,9.6875,3.40438595784908,4,15,14.6502732240437,4.27929215710047,9.9672131147541,20.3114754098361,3,11,6.66666666666667,3.29983164553722,21,32,28,4.96655480858378,5.61986044717119,1.78815447408026,4.01962399350739,8.11576082511626,21.3333333333333,5.79271573232759,15,29,0.446944858944937,0.260928297139261,0.232587560852531,0.814245740677783,0,0,0,0,0,0,0,0
55,483,iq_brain_size,Health Measurements,20,9,45,6,66.6666666666667,3,33.3333333333333,0,0,0,0,4.66666666666667,3.77123616632825,2,10,545.69195,722.777495479115,6.9925,1906.2805,5.73,1684.89,474.8545,635.960866776604,8.76,2264.25,671.928,868.535201086672,55.9603553810229,68.2717075035914,0.914582878751435,174.829726801311,197.0735,236.909725453776,3.03,579.36,0.125734407757817,0.067696193466872,0.03254639655403,0.257589206375904,0,0,0,0,0,0,0,0
56,488,colleges_aaup,University faculty demographics,1161,17,1.46425495262705,14,82.3529411764706,3,17.6470588235294,0,0,0,0,398.666666666667,524.567970386637,4,1140,529.798248049958,726.720806107696,12.7355727820844,3052.04737295434,0,1002,219,249.491769117025,178,29269,2932.64285714286,7318.50585460431,273.711854464428,596.602685591769,19.5140935109797,2411.62352604517,2713.64285714286,7102.58584306893,178,28267,0.527166570895906,0.383268803845876,0.155669224369315,1,6,35.2941176470588,68,5.85701981050818,24,2.0671834625323,15.0588235294118,1.29705629021634
57,489,dj30-1985-2003,Stock Transactions,138166,9,0.006513903565277,7,77.7777777777778,1,11.1111111111111,1,11.1111111111111,0,0,30,0,30,30,434976.377518506,1037439.78791719,22.6837471592143,2975504.6286062,0,1,0.31,0.309423426945758,212.75,308736896,44125166.8985714,108027296.527324,1008399.45208717,2453764.71347627,25.3044731583492,7018776.54816505,44125166.5885714,108027296.653765,212.48,308736896,0.646668055522545,0.22552940659513,0.486850958537995,1,0,0,0,0,0,0,0,0
58,492,newton_hema,Health Measurements,140,4,2.85714285714286,3,75,1,25,0,0,0,0,11,0,11,11,52.6107142857143,13.4592535120652,37.2857142857143,70.05,0,12,5.33333333333333,4.98887651569859,84,278,196.333333333333,82.1150953777007,38.020155915948,16.8143708479251,20.3940623727021,60.6561987564733,191,82.5953993876172,80,278,0.672734990641186,0.233467378992382,0.471237781851087,1,0,0,0,0,0,0,0,0
59,503,wind,Geographical Measurements,6574,15,0.228171585031944,14,93.3333333333333,1,6.66666666666667,0,0,0,0,12,0,12,12,14.854958385849,15.4029668356712,6.30627471858838,69.5003042287801,0,61,4.66785714285714,15.6300599480486,25.88,78,36.045,12.7029826362608,5.21963076060976,1.2547589977809,3.60540731611363,8.8003349747449,31.3771428571429,6.37426794516317,17,42.25,0.466849724526807,0.118019231345791,0.074649041989969,0.57171745237903,0,0,0,0,0,0,0,0
60,510,sleep,Animal Profile,62,11,17.741935483871,7,63.6363636363636,4,36.3636363636364,0,0,0,0,19.25,24.6817240078565,5,62,95.0475553127814,105.080808896413,1.972,283.134193548387,0,12,2.69214285714286,3.93620906923587,6.6,6654,1879.34285714286,2741.37447166153,286.309158498454,400.359379996308,1.44265062171218,930.27894225431,1876.65071428571,2742.7607125882,6.6,6653.995,0.786801122999228,0.242227050187009,0.422747250897267,1,5,45.4545454545455,14,22.5806451612903,4,6.45161290322581,3.45454545454545,5.57184750733138
61,511,plasma_retinol,Health Measurements,315,14,4.44444444444444,11,78.5714285714286,3,21.4285714285714,0,0,0,0,2.66666666666667,0.471404520791032,2,3,547.229083018759,730.609677015609,3.27936507936508,2185.60317460317,0,445.2,87.1573763636364,133.363997913155,36.8,9642,2532.45484818182,3307.48361827592,303.589290395702,433.250548004056,5.33019247066561,1473.88654659007,2445.29747181818,3222.28883745202,33.7,9428,0.544713678939466,0.249400510798524,0.229898861708509,1,0,0,0,0,0,0,0,0
62,534,cps_85_wages,Citizen Census Data,534,11,2.05992509363296,4,36.3636363636364,7,63.6363636363636,0,0,0,0,2.85714285714286,1.35526185435788,2,6,19.1745552434457,10.6605381133892,9.02406367041198,36.8333333333333,0,18,5.25,7.39509972887452,18,64,45.375,17.2459234313504,7.96518807322469,4.19056487751275,2.61537262835436,12.3797100878481,40.125,14.5704109413565,16,55,0.445844178214223,0.195851846904239,0.200893121913295,0.694627002932739,0,0,0,0,0,0,0,0
63,538,colleges_usnews,College Statistics,1302,35,2.68817204301075,33,94.2857142857143,2,5.71428571428571,0,0,0,0,662.5,611.5,51,1274,1666.1881407068,2502.08930731121,1.63901689708141,9276.90561622464,0,1834,283.515151515152,427.23537769273,2,62469,9788.15151515152,15354.5148727351,1083.82859802081,1655.6225910656,0.480470194401401,5348.16262626542,9504.63636363636,15125.5060437623,1,60635,0.455511177171977,0.323637140758393,0.110745771431116,1,31,88.5714285714286,639,49.0783410138249,2,0.153609831029186,226.514285714286,17.3974105771341
64,541,socmob,Citizen Census Data,1156,6,0.519031141868512,2,33.3333333333333,4,66.6666666666667,0,0,0,0,9.5,7.5,2,17,17.5767733564014,0.636029411764705,16.9407439446367,18.2128027681661,0,0,0,0,414,746.3,580.15,166.15,42.6809570723914,1.67731210170277,41.0036449706886,44.3582691740942,580.15,166.15,414,746.3,1,0,1,1,0,0,0,0,0,0,0,0
65,544,transplant,Hospital Statistics,131,4,3.05343511450382,3,75,1,25,0,0,0,0,12,0,12,12,32.0703867684478,26.145456036542,2.37909923664122,66,0.057,1,0.685666666666667,0.444534463105943,12.131,152,98.377,61.5847891771986,22.4387575131146,14.8713663360682,2.3879361473713,37.9605057922046,97.6913333333333,61.1446145098287,12.074,151,0.84803585426948,0.193368923350613,0.575159178669767,1,0,0,0,0,0,0,0,0
66,554,mnist_784,Digit Handwriting Recognition,70000,785,1.12142857142857,642,81.7834394904459,143,18.2165605095541,0,0,142,0,3.64335664335664,3.76477154909318,1,15,40.7697336226079,43.7174449598382,0.010942857142857,140.015057142857,0,0,0,0,114,255,253.943925233645,8.68360266876893,60.0664357913292,41.6491068498195,0.980551872800571,113.886296839276,253.943925233645,8.68360266876893,114,255,0.9918051392565,0.031095146801625,0.782558403818485,1,0,0,0,0,0,0,0,0
67,561,cpu,CPU Performance Data,209,8,3.82775119617225,6,75,2,25,0,0,0,0,22.5,7.5,15,30,2501.79346092504,4279.27366530853,18.2679425837321,11796.1531100478,0,64,26.6666666666667,27.2008986779645,176,64000,16528.3333333333,24099.6692208743,2681.15886726647,4272.3782087545,25.9973182063028,11726.5643771665,16501.6666666667,24075.1659922742,176,63936,0.99901678775795,0.002198529409535,0.994100726547698,1,0,0,0,0,0,0,0,0
68,563,kdd_el_nino-small,Geographical Measurements,782,9,1.15089514066496,7,77.7777777777778,2,22.2222222222222,0,0,0,0,36.5,22.5,14,59,9.96312307481514,42.119835170338,-66.361189258312,84.4581410256409,-179.97,27.58,-18.6871428571429,67.5212903385265,7,179.8,51.8071428571429,60.2652799152655,21.1926483388843,44.7173268878071,1.24110003536165,130.668776258342,70.4942857142857,119.913701094596,7.32,359.77,0.536422587314038,0.439870745702551,0.045012003070431,1,5,55.5555555555556,158,20.2046035805627,73,9.33503836317136,59.8888888888889,7.65842568911623
69,567,kdd_coil_1,Chemical Contamination,316,12,3.79746835443038,9,75,3,25,0,0,0,0,3.33333333333333,0.471404520791032,3,4,47.6878439792964,52.7353332664517,2.96452229299363,160.45271044586,0,5.6,1.64688888888889,2.03522035085718,9.7,931.83301,282.924334444444,301.456257592333,49.6994853154628,58.3412409082837,0.593666529767655,187.103497146176,281.277445555556,300.857837735391,4.1,926.83301,0.771965980210939,0.34102243889792,0.074156212035351,1,8,66.6666666666667,23,7.27848101265823,2,0.632911392405063,4.66666666666667,1.47679324894515
70,568,kdd_coil_2,Chemical Contamination,316,12,3.79746835443038,9,75,3,25,0,0,0,0,3.33333333333333,0.471404520791032,3,4,46.562211067904,53.4731822160354,2.96452229299363,160.45271044586,0,5.6,1.64688888888889,2.03522035085718,9.7,931.83301,281.013223333333,302.726375015083,48.5234138613081,59.0019404207868,0.593666529767655,187.103497146176,279.366334444444,302.120053355787,4.1,926.83301,0.771965980210939,0.34102243889792,0.074156212035351,1,8,66.6666666666667,23,7.27848101265823,2,0.632911392405063,4.66666666666667,1.47679324894515
71,570,kdd_coil_3,Chemical Contamination,316,12,3.79746835443038,9,75,3,25,0,0,0,0,3.33333333333333,0.471404520791032,3,4,46.2144965812655,53.7372060103917,2.96452229299363,160.45271044586,0,5.6,1.64688888888889,2.03522035085718,9.7,931.83301,277.702112222222,305.141154980865,48.0497327636043,59.3186856778931,0.593666529767655,187.103497146176,276.055223333333,304.52173470672,4.1,926.83301,0.771965980210939,0.34102243889792,0.074156212035351,1,8,66.6666666666667,23,7.27848101265823,2,0.632911392405063,4.66666666666667,1.47679324894515
72,571,delta_elevators,Aircraft Performance,9517,7,0.073552590101923,6,85.7142857142857,1,14.2857142857143,0,0,0,0,6,0,6,6,-2.09883728766068,4.56525035787991,-12.3042975727645,0.001631921824104,-100,-0.014,-19.3147833333333,36.4857922745469,0.013,90,17.6467333333333,32.8127508867446,5.10146369589066,9.29220103191191,0.002374343658892,25.4962655703077,36.9615166666667,69.295683145499,0.027,190,1,0,1,1,0,0,0,0,0,0,0,0
73,575,kdd_coil_4,Chemical Contamination,316,12,3.79746835443038,9,75,3,25,0,0,0,0,3.33333333333333,0.471404520791032,3,4,45.9194543871727,53.974277930425,1.46518987341772,160.45271044586,0,5.6,1.64688888888889,2.03522035085718,9.7,931.83301,276.146556666667,306.367898218964,47.6265039770771,59.6257409312391,0.593666529767655,187.103497146176,274.499667777778,305.742584293583,4.1,926.83301,0.771965980210939,0.34102243889792,0.074156212035351,1,8,66.6666666666667,23,7.27848101265823,2,0.632911392405063,4.66666666666667,1.47679324894515
74,576,kdd_coil_5,Chemical Contamination,316,12,3.79746835443038,9,75,3,25,0,0,0,0,3.33333333333333,0.471404520791032,3,4,46.3817609975805,53.6081103624808,2.96452229299363,160.45271044586,0,5.6,1.64688888888889,2.03522035085718,9.7,931.83301,279.735445555556,303.626302267949,48.2598165821637,59.1746709813842,0.593666529767655,187.103497146176,278.088556666667,303.01483663806,4.1,926.83301,0.771965980210939,0.34102243889792,0.074156212035351,1,8,66.6666666666667,23,7.27848101265823,2,0.632911392405063,4.66666666666667,1.47679324894515
75,577,kdd_coil_6,Chemical Contamination,316,12,3.79746835443038,9,75,3,25,0,0,0,0,3.33333333333333,0.471404520791032,3,4,46.4488847669195,53.5573914043709,2.96452229299363,160.45271044586,0,5.6,1.64688888888889,2.03522035085718,9.7,931.83301,280.802112222222,302.872269062849,48.6094087396344,58.9475200517828,0.593666529767655,187.103497146176,279.155223333333,302.265089820382,4.1,926.83301,0.771965980210939,0.34102243889792,0.074156212035351,1,8,66.6666666666667,23,7.27848101265823,2,0.632911392405063,4.66666666666667,1.47679324894515
76,578,kdd_coil_7,Chemical Contamination,316,12,3.79746835443038,9,75,3,25,0,0,0,0,3.33333333333333,0.471404520791032,3,4,45.9986034729673,53.9095146142232,2.17753164556962,160.45271044586,0,5.6,1.64688888888889,2.03522035085718,9.7,931.83301,276.457667777778,306.117883920468,47.8766775239559,59.4415167599768,0.593666529767655,187.103497146176,274.810778888889,305.493735415675,4.1,926.83301,0.771965980210939,0.34102243889792,0.074156212035351,1,8,66.6666666666667,23,7.27848101265823,2,0.632911392405063,4.66666666666667,1.47679324894515
77,679,rmftsa_sleepdata,Health Measurements,1024,3,0.29296875,2,66.6666666666667,1,33.3333333333333,0,0,0,0,4,0,4,4,85.6291748046875,48.5007080078125,37.128466796875,134.1298828125,36.85,100,68.425,31.575,37.45,187,112.225,74.775,7.64228007323552,7.49656012305088,0.145719950184633,15.1388401962864,43.8,43.2,0.600000000000001,87,0.058395885114579,0.05447113511125,0.003924750003329,0.112867020225828,0,0,0,0,0,0,0,0
78,686,rmftsa_ctoarrivals,Tourism Statistics,264,3,1.13636363636364,2,66.6666666666667,1,33.3333333333333,0,0,0,0,12,0,12,12,58539.0189393939,56549.5189393939,1989.5,115088.537878788,1979,9718,5848.5,3869.5,2000,362299,182149.5,180149.5,43184.4745723078,43178.1182335955,6.35633871226956,86362.5928059033,176301,176280,21,352581,0.376798140373378,0.373603197567512,0.003194942805866,0.75040133794089,0,0,0,0,0,0,0,0
79,1036,sylva_agnostic,Plantation Measurements,14395,217,1.50746787078847,40,18.4331797235023,177,81.5668202764977,0,0,176,0,1.9774011299435,0.148620863705829,1,2,454.973395276137,234.257284568539,191.06154914901,879.134491142758,0,389,45.275,102.04386005537,742,999,970.35,54.5680996553847,152.729920784703,67.7082472699576,74.5367123211033,312.038560113056,925.075,105.568079337459,610,999,0.43752218114762,0.25042941516606,0.086803263691811,0.797347045637569,0,0,0,0,0,0,0,0
80,1037,ada_prior,Citizen Census Data,4562,15,0.328803156510303,6,40,9,60,0,0,0,0,10.8888888888889,10.9183275524784,2,39,32078.8478737397,71107.5118955506,10.1545374835598,191077.227093381,0,20308,3388,7566.85639262876,16,1184622,214751.5,435245.797417486,19481.1667499135,39706.6728708409,2.53024030471046,108007.330920176,211363.5,427705.758525551,15,1164314,0.575042017611368,0.316485358434045,0.249173367945799,1,1,6.66666666666667,88,1.92897851819377,88,1.92897851819377,5.86666666666667,0.128598567879585
81,1038,gina_agnostic,Digit Handwriting Recognition,3468,971,27.9988465974625,970,99.8970133882595,1,0.102986611740474,0,0,0,0,2,0,2,2,53.9949615928845,42.7624739470853,0.931949250288351,140.395905420992,0,0,0,0,253,255,254.955670103093,0.215611846816491,77.2497525580434,33.1473640958922,12.2204293059141,114.025265764655,254.955670103093,0.215611846816491,253,255,0.989340453656423,0.03485499410524,0.776182027583947,1,0,0,0,0,0,0,0,0
82,1040,sylva_prior,Plantation Measurements,14395,109,0.75720736366794,20,18.348623853211,89,81.651376146789,0,0,88,0,1.98876404494382,0.105402601344347,1,2,454.474918374435,234.489516311973,191.06154914901,878.698159083015,0,378,42.2,97.3620049095128,787,999,970.8,48.6246850889546,152.48242850319,67.6763545307523,74.8288469013575,309.829994746342,928.6,98.1516174089862,621,999,0.437953012779211,0.251345834385236,0.086803263691811,0.79734704563757,0,0,0,0,0,0,0,0
83,1042,gina_prior,Digit Handwriting Recognition,3468,785,22.6355247981546,522,66.4968152866242,263,33.5031847133758,0,0,262,0,3.40684410646388,3.73324784470489,1,15,50.2182593343851,43.2606347874036,0.403690888119954,137.572376009227,0,0,0,0,204,255,254.666666666667,3.21752862014561,72.7190008407917,35.9985442018606,7.16369943594776,113.782807417894,254.666666666667,3.21752862014561,204,255,0.990407771204705,0.032775336464116,0.795424817271047,1,0,0,0,0,0,0,0,0
84,1044,eye_movements,Eye Movement,10936,28,0.256035113386979,18,64.2857142857143,10,35.7142857142857,0,0,0,0,5.9,3.20780298646909,2,10,465.018228293911,1219.55842892363,0.030665581565472,5468.49999999998,-4.3255,20,4.17563333333333,8.57717412749288,0.3623,35448,4069.66766666667,8249.50849994269,404.005441535048,799.502146236172,0.026749418934672,3157.09560619673,4065.49203333333,8250.74111720948,0.3618,35448,0.764059852323038,0.219582369207107,0.448295119297132,1,0,0,0,0,0,0,0,0
85,1045,kc1-top5,Computer Software Defects,145,95,65.5172413793103,67,70.5263157894737,28,29.4736842105263,0,0,27,0,5.46428571428571,4.03097066347498,1,13,1809.83748612301,9737.91463068439,0.066466586206897,76249.5881379311,0,1,0.223880597014925,0.416842986381162,0.3775,1973866.93,38453.9773596269,241892.24322262,4206.91195952732,24871.7337613391,0.073550450340092,200468.24943606,38453.7534790298,241892.278451036,0.3775,1973866.93,0.923007735048381,0.142261577760723,0.515109804067374,1,0,0,0,0,0,0,0,0
86,1049,pc4,Computer Software Defects,1458,38,2.60631001371742,34,89.4736842105263,4,10.5263157894737,0,0,0,0,4.25,2.48746859276655,2,8,634.890416969257,3291.03496296202,0.110452674897119,19505.5195404664,0,2,0.235882352941176,0.488347258600577,0.67,1401719.45,44654.9691176471,236630.176145602,1999.91744125095,10566.8644541207,0.119862370270412,62600.2550646944,44654.7332352941,236630.220392339,0.67,1401719.45,0.955999991166704,0.143176423429418,0.395919098275328,1,0,0,0,0,0,0,0,0
87,1050,pc3,Computer Software Defects,1563,38,2.43122200895713,36,94.7368421052632,2,5.26315789473684,0,0,0,0,5,3,2,8,1036.11405505793,5593.99849631343,0.124555342290467,34072.822693538,0,2,0.307222222222222,0.516481747075082,1,12751451.28,377313.876388889,2094867.80940944,10621.539165019,58837.6165062326,0.129438277112595,358165.935727307,377313.569166667,2094867.86447426,0.98,12751451.28,0.939872559679864,0.15352685684353,0.423162275316651,1,0,0,0,0,0,0,0,0
88,1051,cocomo_numeric,Softwre Development Effort,60,17,28.3333333333333,2,11.7647058823529,15,88.2352941176471,0,0,0,0,3.66666666666667,0.699205898780101,3,5,240.500833333333,165.9125,74.5883333333333,406.413333333333,2.2,8.4,5.3,3.1,423,3240,1831.5,1408.5,377.068879587637,279.896790249557,97.1720893380794,656.965669837194,1826.2,1405.4,420.8,3231.6,1,0,1,1,0,0,0,0,0,0,0,0
89,1053,jm1,Computer Software Defects,10885,22,0.202112999540652,21,95.4545454545455,1,4.54545454545455,0,0,0,0,2,0,2,2,1902.78236864496,7824.11295061377,0.135334864492421,36836.3653431326,0,1,0.238095238095238,0.42591770999996,1.3,31079782.27,1567411.57857143,6609331.46279957,21963.75301398,92358.2698058023,0.160538447739997,434367.801255239,1567411.34047619,6609331.51922596,1.3,31079782.27,0.995175991535939,0.02157362169935,0.898695822254717,1,5,22.7272727272727,5,0.045934772622876,5,0.045934772622876,1.13636363636364,0.010439721050654
90,1054,mc2,Computer Software Defects,161,40,24.8447204968944,36,90,4,10,0,0,0,0,9,5.24404424085076,2,15,1653.61569358178,8979.59229754986,0.108012422360248,54688.7408074534,0,3,0.392222222222222,0.676297563992159,0.67,991629.56,29550.9488888889,162877.609028714,4340.52166613745,23885.8542372306,0.111222072354735,145427.384795953,29550.5566666667,162877.679272226,0.65,991629.56,0.907579869893703,0.173606184531472,0.429797155212119,1,0,0,0,0,0,0,0,0
91,1056,mc1,Computer Software Defects,9466,39,0.412000845129939,33,84.6153846153846,6,15.3846153846154,0,0,0,0,3.5,3.35410196624968,2,11,415.121818726031,2166.20130360313,0.058211493767167,12649.4986467357,0,2,0.242424242424242,0.494227467584851,1,31159817.68,998381.415151515,5340069.03505238,14634.7511850422,78208.5992201114,0.253413794055007,456367.935269476,998381.172727273,5340069.08035409,1,31159817.68,0.966847706885171,0.098258893126843,0.544012138247964,1,0,0,0,0,0,0,0,0
92,1059,ar1,Computer Software Defects,121,30,24.7933884297521,22,73.3333333333333,8,26.6666666666667,0,0,0,0,7.625,4.63512405443479,2,14,157.365488354621,592.359583687981,0.068347107438017,2861.79636363636,0,4,1.29136363636364,1.43621122609121,0.4,40333.33,2042.95,8370.98610689544,305.69232783654,1229.25946428517,0.080429545850577,5926.75389849312,2041.65863636364,8370.38244256948,0.4,40329.33,0.881522764497423,0.206349107990553,0.33209503438515,1,0,0,0,0,0,0,0,0
93,1063,kc2,Computer Software Defects,522,22,4.21455938697318,21,95.4545454545455,1,4.54545454545455,0,0,0,0,2,0,2,2,977.893699142491,3935.70356631365,0.188965517241379,18542.9916283525,0,1,0.380952380952381,0.485620906056456,2,2147483.64,111741.908095238,456386.900414279,5875.72958794118,24069.2060562483,0.275608904693432,113271.216451422,111741.527142857,456386.992791586,2,2147483.64,0.985309368848705,0.065698499773342,0.69149674582281,1,0,0,0,0,0,0,0,0
94,1064,ar6,Computer Software Defects,101,30,29.7029702970297,22,73.3333333333333,8,26.6666666666667,0,0,0,0,9,4.89897948556636,2,15,156.757812781278,529.443457456886,0.197029702970297,2561.30851485149,0,4,1.06045454545455,1.48169275821679,0.38,18666.67,1728.875,4788.43430441303,309.906610965051,902.867752852484,0.079013221101983,4013.73736513848,1727.81454545455,4788.04465525402,0.38,18662.67,0.909809897227945,0.162782052816801,0.401021875944739,1,0,0,0,0,0,0,0,0
95,1065,kc3,Computer Software Defects,458,40,8.73362445414847,36,90,4,10,0,0,0,0,6.25,4.14578098794425,2,13,428.38417515769,2253.0715710153,0.09646288209607,13728.2429257642,0,2,0.291111111111111,0.501839824920804,0.67,582830.35,17526.5794444444,95713.5146692538,1348.64297716343,7289.1536213367,0.130507257746753,44394.8662248344,17526.2883333333,95713.5669977389,0.67,582830.35,0.912951643085497,0.206234758919254,0.139772528407101,1,0,0,0,0,0,0,0,0
96,1066,kc1-binary,Computer Software Defects,145,95,65.5172413793103,67,70.5263157894737,28,29.4736842105263,0,0,27,0,5.46428571428571,4.03097066347498,1,13,1809.83748612301,9737.91463068439,0.066466586206897,76249.5881379311,0,1,0.223880597014925,0.416842986381162,0.3775,1973866.93,38453.9773596269,241892.24322262,4206.91195952732,24871.7337613391,0.073550450340092,200468.24943606,38453.7534790298,241892.278451036,0.3775,1973866.93,0.923007735048381,0.142261577760723,0.515109804067374,1,0,0,0,0,0,0,0,0
97,1067,kc1,Computer Software Defects,2109,22,1.04314841156946,21,95.4545454545455,1,4.54545454545455,0,0,0,0,2,0,2,2,285.096916615864,1111.25392349548,0.086737790422001,5242.38623992414,0,1,0.238095238095238,0.42591770999996,2,324803.51,16869.3533333333,68976.0661927144,915.455014376511,3702.93969852214,0.175506526363165,17444.9812113786,16869.1152380952,68976.1240841796,2,324803.51,0.987755854494811,0.052997963326617,0.750863659813774,1,0,0,0,0,0,0,0,0
98,1069,pc2,Computer Software Defects,5589,37,0.662014671676507,34,91.8918918918919,3,8.10810810810811,0,0,0,0,6,5.65685424949238,2,14,85.6113952301264,420.993647726461,0.034537484344248,2498.29704419395,0,2,0.238235294117647,0.487360662369167,1,1506363.92,47578.4341176471,254341.916422011,889.946696416723,4712.51136155485,0.152311543432828,27917.1692275218,47578.1958823529,254341.96060723,0.93,1506363.92,0.917665044851916,0.202440444195182,0.17913004387541,1,0,0,0,0,0,0,0,0
99,1070,kc1-numeric,Computer Software Defects,145,95,65.5172413793103,68,71.5789473684211,27,28.4210526315789,0,0,27,0,5.59259259259259,4.04840397687103,1,13,1783.29007750446,9668.48934220961,0.066466586206897,76249.5881379311,0,1,0.220588235294118,0.414643299407991,0.3775,1973866.93,37889.9630185588,240151.415483212,4145.2052885121,24693.3422617856,0.073550450340092,200468.24943606,37889.7424303235,240151.449927108,0.3775,1973866.93,0.924139974266455,0.141515459578233,0.515109804067374,1,0,0,0,0,0,0,0,0
100,1071,mw1,Computer Software Defects,403,38,9.42928039702233,34,89.4736842105263,4,10.5263157894737,0,0,0,0,4.75,2.77263412660235,2,8,274.076091811414,1346.40021089371,0.153002481389578,7985.3294540943,0,17.41,2.03029411764706,3.55844933618573,0.67,194481.83,6318.7594117647,32819.4722398294,605.802517483594,3130.93911695482,0.092675381539375,18556.5726042279,6316.72911764706,32816.7458625062,0.65,194464.42,0.885400004968905,0.177066065441846,0.302041147977246,1,0,0,0,0,0,0,0,0
101,1075,datatrieve,Computer Software Defects,130,9,6.92307692307692,8,88.8888888888889,1,11.1111111111111,0,0,0,0,2,0,2,2,357.790384615385,392.986273582313,1.46153846153846,902.869230769231,0,15,6,6.28490254498827,2,5408,2120.375,2414.79243090892,336.910794952713,369.303999944384,0.500447027357955,838.738887110489,2114.375,2408.53855779288,1,5393,0.823471490898896,0.232080188211143,0.342411123981758,1,0,0,0,0,0,0,0,0
102,1090,MercuryinBass,Chemical Contamination,53,12,22.6415094339623,11,91.6666666666667,1,8.33333333333333,0,0,0,0,53,0,53,53,12.0456603773585,12.7375945752568,0.279811320754717,37.5301886792453,0,4,1.07090909090909,1.36492060738448,0.92,152.4,44.0018181818182,53.4078797077363,11.0062008922335,13.525879256433,0.226405784157881,38.2035267446992,42.9309090909091,53.2484967699978,0.88,151.7,0.693001932060702,0.236396095331617,0.195499034800178,1,0,0,0,0,0,0,0,0
103,1091,SMSA,City Census Data,59,17,28.8135593220339,16,94.1176470588235,1,5.88235294117647,0,0,0,0,59,0,59,59,92284.4610805085,347563.784538302,3.24661016949153,1438037.05084746,0.8,124833,9563.74875,30400.7127769907,3.53,8274961,520981.855625,2002102.37662264,96750.5995759604,373095.272743925,0.182922728829374,1541736.05674895,511418.106875,1972314.18439919,0.88,8150128,0.457894207500353,0.402486003720812,0.056342683377359,1,0,0,0,0,0,0,0,0
104,1093,Brainsize,Health Measurements,40,7,17.5,6,85.7142857142857,1,14.2857142857143,0,0,0,0,2,0,2,2,151551.900545434,338631.521471357,68.525641025641,908755,62,790619,131834.5,294617.385222908,77,1079549,180043.666666667,402271.015711492,12063.281886179,26930.6522642289,3.99464891736551,72282.0489308447,48209.1666666667,107653.631948976,15,288930,0.153022396716988,0.062711604443777,0.058294221806269,0.212270350037161,2,28.5714285714286,2,5,1,2.5,0.428571428571429,1.07142857142857
105,1094,Acorns,Plantation Measurements,39,5,12.8205128205128,3,60,2,40,0,0,0,0,20.5,18.5,2,39,2634.41538461538,3711.00594846196,3.34102564102564,7882.5641025641,0.3,13,4.53333333333333,5.9868374140461,17.1,28389,9478.7,13371.6024013579,2688.92683659146,3794.26221049708,3.45297110423671,8054.82312130562,9474.16666666667,13365.6155644084,16.8,28376,0.830140606839202,0.240217457504465,0.490421820517604,1,0,0,0,0,0,0,0,0
106,1095,Cereals,Food Nutritional Facts,77,16,20.7792207792208,5,31.25,11,68.75,0,0,8,0,13.2727272727273,20.4632304793963,2,77,63.9876864519481,57.1601575242867,6.92207792207792,159.675324675325,-1,18.042851,3.0085702,7.52711098585056,15,330,156.3409824,140.443651792413,35.5780476331671,34.6873717368838,4.27895628032591,83.8322952400931,153.3324122,142.101093816631,16,331,0.506297939128493,0.173856935888851,0.293131346605956,0.741968716303485,0,0,0,0,0,0,0,0
107,1096,FacultySalaries,University faculty demographics,50,6,12,5,83.3333333333333,1,16.6666666666667,0,0,0,0,50,0,50,50,45.41008,24.7259242547089,0.24,73.9112,0,55.9,35.75,19.0834483257089,1,96.5,59.888,32.1485268091712,5.5778532561641,3.17499550628729,0.4314191105869,10.1632464361762,24.138,13.1456371469777,1,40.6,0.294986858756887,0.352665545614731,0.106701705249996,1,0,0,0,0,0,0,0,0
108,1097,ICU,Health Measurements,200,21,10.5,4,19.047619047619,17,80.9523809523809,0,0,17,0,2.11764705882353,0.322189739708921,2,3,183.3925,153.239336680403,57.545,444.82,4,39,23.75,14.4287040305081,92,929,367.25,329.550735851098,87.9382618434079,106.317904962043,20.0546483289533,271.916680262585,343.5,339.57362971821,76,925,0.370030040533499,0.144100370658343,0.249108698431095,0.611295985483084,0,0,0,0,0,0,0,0
109,1098,pubexpendat,City Census Data,48,8,16.6666666666667,7,87.5,1,12.5,0,0,0,0,48,0,48,48,69.4464285714286,93.4462737606739,0.5,286.645833333333,-7.4,183,37.4857142857143,62.8006239407455,1,454,124.157142857143,148.802907586251,18.7363373752282,19.213757706824,0.505291152639911,58.7948071173946,86.6714285714286,90.63817729673,1,271,0.467565992564668,0.366957399281668,0.076420354346205,1,0,0,0,0,0,0,0,0
110,1111,KDDCup09_appetency,Customer Churn Profiles,50000,231,0.462,127,54.978354978355,104,45.021645021645,0,0,65,0,690.644230769231,2666.09782885843,0,15415,280103.44833113,857351.578115969,-153278.608486738,6181967.17005626,-9803600,6,-77194.4511794173,866497.075465633,7,442233600,6248617.29299213,39150392.8472756,551202.7289519,2354123.16419786,2.02588182531484,25311869.2214176,6325811.74417154,39167241.5405594,6.999786,442233600,0.969198795043247,0.119596702871945,0.309003585665647,1,211,91.3419913419913,50000,100,1,0.002,34736.5887445887,69.4731774891775
111,1114,KDDCup09_upselling,Customer Churn Profiles,50000,231,0.462,127,54.978354978355,104,45.021645021645,0,0,65,0,690.644230769231,2666.09782885843,0,15415,280103.44833113,857351.578115969,-153278.608486738,6181967.17005626,-9803600,6,-77194.4511794173,866497.075465633,7,442233600,6248617.29299213,39150392.8472756,551202.7289519,2354123.16419786,2.02588182531484,25311869.2214176,6325811.74417154,39167241.5405594,6.999786,442233600,0.969198795043247,0.119596702871945,0.309003585665647,1,211,91.3419913419913,50000,100,1,0.002,34736.5887445887,69.4731774891775
112,1119,adult-census,Citizen Census Data,32561,16,0.049138539971131,7,43.75,9,56.25,0,0,0,0,11.2222222222222,11.4579208679971,2,41,29616.2027096395,65620.3749834352,10.0806793403151,189778.366512085,0,12285,1757.85714285714,4297.69181998801,16,1484705,231689.428571429,512649.700708794,17538.0694251543,36116.4192428294,2.57272033206739,105549.977697022,229931.571428571,508361.500610078,15,1472420,0.578231839962275,0.289224315662217,0.255212991626313,1,3,18.75,1843,5.66014557292466,583,1.79048555019809,266.375,0.818079911550628
113,1168,electricity_prices_ICON,Web Server Transactions Schedule,38014,18,0.047350975956227,12,66.6666666666667,5,27.7777777777778,1,5.55555555555556,4,0,7.8,5.03587132480567,2,15,797.793051842126,1404.28835941517,9.62636867361277,4020.08501867831,-47.74,2183.94,328.82,750.02092117487,25,6492.91,1576.085,2239.45707640453,225.139348095047,312.019061332623,4.4399338642059,860.476865675711,1247.265,1534.57378103009,29,4499.79,0.485956269499942,0.182205005514883,0.178054873980782,0.761333782490809,9,50,299,0.786552322828432,2,0.005261219550692,34.3888888888889,0.090463747274396
114,1461,bank-marketing,Marketing Campaign Transactions,45211,17,0.037601468669129,7,41.1764705882353,10,58.8235294117647,0,0,0,0,4.6,3.77359245282264,2,12,245.817108352266,463.372796036397,0.580323372630554,1362.27205768508,-8019,18,-1142.85714285714,2807.18035598363,31,102127,15482.8571428571,35409.6980599084,489.537869649502,1046.73717119163,2.30344104493122,3044.76582916851,16625.7142857143,38214.1972372808,30,110146,0.826208878967221,0.283158893653237,0.259397779749985,1,0,0,0,0,0,0,0,0
115,1462,banknote-authentication,Banknote Recognition,1372,5,0.364431486880466,4,80,1,20,0,0,0,0,2,0,2,2,0.640514743440234,1.18489852629005,-1.19165652113703,1.92235312099125,-13.7731,-5.2861,-8.662375,3.16848031031834,2.4495,17.9274,10.038325,5.88731015378628,3.78071313922015,1.44416559091908,2.10101313673907,5.86904674358037,18.7007,6.47015786669846,10.9977,26.7247,1,0,1,1,0,0,0,0,0,0,0,0
116,1464,blood-transfusion-service-center,Health Measurements,748,5,0.668449197860963,4,80,1,20,0,0,0,0,2,0,2,2,356.994986631016,589.971011799809,5.51470588235294,1378.67647058823,0,250,63.25,107.822481422011,50,12500,3180.5,5380.64259638196,374.534549474877,626.634576926776,5.83930712309002,1459.82678077251,3117.25,5272.82189036383,49,12250,0.890652623387523,0.120099343317347,0.711062759728714,1,0,0,0,0,0,0,0,0
117,1465,breast-tissue,Human Tissue impedance spectrum,106,10,9.43396226415094,9,90,1,10,0,0,0,0,6,0,6,6,51.5859538784067,2.61609307363234,46.0283018867924,53.3962264150943,1,1,1,0,95,105,102.777777777778,3.90946935239093,29.727477908344,1.13536198041372,27.5689464873484,30.5828085057705,101.777777777778,3.90946935239093,94,104,0.576680654446042,0.008798211536913,0.568758749743529,0.598956410670001,0,0,0,0,0,0,0,0
118,1466,cardiotocography,Cardiac EEG Measurements,2126,36,1.69332079021637,20,55.5555555555556,16,44.4444444444444,0,0,15,0,4,3.77491721763537,2,15,185.705418626529,394.804491637797,1.33278457196613,1702.87723424271,0,287,44.86,69.6378661361762,7,3599,476.535,998.891344579079,105.519517526668,269.26610599971,0.883241334106825,930.919142747232,431.675,964.862700530495,6.8,3312,0.541897567635737,0.349086926326401,0.073822652086473,1,0,0,0,0,0,0,0,0
119,1470,dresses-sales,Clothes Sales Data,500,13,2.6,1,7.69230769230769,12,92.3076923076923,0,0,0,0,13.8333333333333,7.43677050577437,2,25,3.5286,0,3.5286,3.5286,0,0,0,0,5,5,5,0,2.00536405922218,0,2.00536405922218,2.00536405922218,5,0,5,5,0.568317196401455,0,0.568317196401455,0.568317196401455,0,0,0,0,0,0,0,0
120,1471,eeg-eye-state,Cardiac EEG Measurements,14980,15,0.100133511348465,14,93.3333333333333,1,6.66666666666667,0,0,0,0,2,0,2,2,4316.88202854616,187.151013390699,4009.76769359146,4644.02237917223,86.6667,4567.18,2073.18619285714,1071.52070105795,6474.36,715897,218879.113571429,253202.136399906,1767.28848241895,2072.96008977956,29.2926032017761,5891.28504252352,216805.927378571,253427.914569252,2696.92,714530.85,0.359896264392038,0.400121655883511,0.006345806347666,1,0,0,0,0,0,0,0,0
121,1476,gas-drift,Gas sensing statistics,13910,129,0.927390366642703,128,99.2248062015504,1,0.775193798449612,0,0,0,0,6,0,6,6,2791.46333166844,9399.42391703637,-72.7539513405465,57340.10458532,-23660.6348,0.828698,-1411.21005003125,4319.73821312452,-0.017303,670687.3477,23039.1383003437,94805.6454945461,2729.30791468252,10581.5809030584,0.528660473035218,69844.7859515503,24450.348350375,97230.3457721991,3.796386,687444.9463,0.848756845027134,0.149676102293681,0.482655875528788,1,0,0,0,0,0,0,0,0
122,1477,gas-drift-different-concentrations,Gas sensing statistics,13910,130,0.934579439252336,129,99.2307692307692,1,0.769230769230769,0,0,0,0,6,0,6,6,2771.04186897443,9365.7713676603,-72.7539513405465,57340.10458532,-23660.6348,1,-1400.26268530233,4304.7446067432,-0.017303,670687.3477,22868.2922670077,94457.2456409348,2709.47951204946,10542.8741921258,0.528660473035218,69844.7859515503,24268.5549523101,96874.5868799899,3.796386,687444.9463,0.849929272585064,0.149683721515945,0.482655875528788,1,0,0,0,0,0,0,0,0
123,1478,har,Motion patterns,10299,562,5.45684046994854,561,99.8220640569395,1,0.177935943060498,0,0,0,0,6,0,6,6,-0.508620217585115,0.428449175598533,-0.984548955238376,0.830275495679194,-1,-1,-1,0,1,1,1,0,0.279231514532112,0.136741899256573,0.03712816435011,0.749480059261811,2,0,2,2,0.553187348526508,0.342095997604842,0.054430237653145,1,0,0,0,0,0,0,0,0
124,1483,ldpa,Motion patterns,164860,8,0.004852602207934,5,62.5,3,37.5,0,0,0,0,6.66666666666667,3.09120616516523,4,11,82188.5723341016,233.465230561533,81869.9906405432,82429.6849629984,1,1,1,0,163689,164859,164333.2,499.314490076144,47418.9972762524,162.280155993787,47224.7783095143,47590.8659171416,164332.2,499.314490076144,163688,164858,0.576952736832915,0.000390434754085,0.576303249707249,0.577358861399717,0,0,0,0,0,0,0,0
125,1487,ozone-level-8hr,Geographical Measurements,2534,73,2.88082083662194,72,98.6301369863014,1,1.36986301369863,0,0,0,0,2,0,2,2,296.494606499841,1409.75322452539,-10.5114096882399,10164.198441985,-135,9975,268.715277777778,1367.79653245545,-1.7,10350,316.488888888889,1437.63178501964,7.57016086637155,12.6350093902733,0.242857893962901,77.4101100876052,47.7736111111111,87.0883639265564,0.99,485,0.488361055402299,0.253909598705662,0.005059731625348,1,0,0,0,0,0,0,0,0
126,1489,phoneme,Sound Measurements,5404,6,0.111028867505551,5,83.3333333333333,1,16.6666666666667,0,0,0,0,2,0,2,2,-1.22871946611915E-08,2.79310127878022E-08,-6.69874167367904E-08,6.10658776999541E-09,-3.038709,-2.367461,-2.7242244,0.257789618190958,2.630868,4.586666,3.551564,0.672800667359657,1.00000000461672,6.07365452031852E-09,0.999999998476545,1.00000001607079,6.2757884,0.656269562645899,5.426737,6.954127,1,0,1,1,0,0,0,0,0,0,0,0
127,1490,planning-relax,Cardiac EEG Measurements,182,13,7.14285714285714,12,92.3076923076923,1,7.69230769230769,0,0,0,0,2,0,2,2,-0.004839777014652,0.004403823057602,-0.012153928571429,0.004161747252747,-2.0346,-0.88277,-1.2768375,0.380604390238408,1,1,1,0,0.412173724608739,0.053743149424063,0.334106380091506,0.4903168942807,2.2768375,0.380604390238407,1.88277,3.0346,1,0,1,1,0,0,0,0,0,0,0,0
128,1497,wall-robot-navigation,Robot Motion Measurements,5456,25,0.458211143695015,24,96,1,4,0,0,0,0,4,0,4,4,2.04579234634653,0.746773124491388,0.910273093841642,3.35111308651027,0.34,1.122,0.621791666666667,0.266592382231543,5,5.087,5.00895833333333,0.018642422872458,1.25123997041115,0.221888536213674,0.802801137115974,1.71543463248672,4.38716666666667,0.262632770655572,3.88,4.66,0.676443635232399,0.204505685331042,0.421857448966367,1,0,0,0,0,0,0,0,0
129,1499,seeds,Plant Measurements,210,8,3.80952380952381,7,87.5,1,12.5,0,0,0,0,3,0,3,3,6.89617408163265,5.14805788193153,0.870998571428572,14.8475238095238,0.7651,12.41,5.2316,4.26188415241093,0.9183,21.18,9.29461428571429,6.73473238251392,1.00787187519892,0.918306506399482,0.023629416583847,2.90969943068736,4.06301428571429,3.55420751159949,0.1102,10.59,0.143522090644721,0.117110537273648,0.027129110608173,0.40634472294114,0,0,0,0,0,0,0,0
130,1500,seismic-bumps,Seismic Measurements,210,8,3.80952380952381,7,87.5,1,12.5,0,0,0,0,3,0,3,3,6.89617408163265,5.14805788193153,0.870998571428572,14.8475238095238,0.7651,12.41,5.2316,4.26188415241093,0.9183,21.18,9.29461428571429,6.73473238251392,1.00787187519892,0.918306506399482,0.023629416583847,2.90969943068736,4.06301428571429,3.55420751159949,0.1102,10.59,0.143522090644721,0.117110537273648,0.027129110608173,0.40634472294114,0,0,0,0,0,0,0,0
131,1502,skin-segmentation,Skin Image Recognition,245057,4,0.001632273307843,3,75,1,25,0,0,0,0,2,0,2,2,126.916641162396,4.02767425371689,123.1771506221,132.507326866811,0,0,0,0,255,255,255,0,64.9196716061848,5.48604009359771,59.9411971735283,72.5621648908044,255,0,255,255,0.513077948059464,0.056856239746111,0.452361379486419,0.589087866737725,0,0,0,0,0,0,0,0
132,1503,spoken-arabic-digit,Voice Recognition,263256,15,0.00569787583189,14,93.3333333333333,1,6.66666666666667,0,0,0,0,10,0,10,10,-0.303073154189944,1.10982959921205,-3.07972717211001,1.98029137699424,-12.957,1,-4.62705,3.40488629823796,2,9.3416,4.03718571428571,2.28964459901442,1.06899042358993,0.656955608023853,0.499993196902157,2.75026109462207,8.66423571428571,5.62718444981999,1,22.2986,0.930262188932348,0.183749311187768,0.332711205645041,1,0,0,0,0,0,0,0,0
133,1504,steel-plates-fault,Steel Properties,1941,34,1.75167439464194,24,70.5882352941177,10,29.4117647058824,0,0,9,0,2.1,0.3,2,3,146365.612690366,455435.714507992,-0.131305048943843,1650738.70530654,-0.9989,6724,624.9084875,1853.62134698403,0.6421,12987692,1573083.8318875,4145046.67206595,169526.292028485,494597.094235495,0.05896116935205,1774590.08900021,1572458.9234,4143500.67523191,0.8744,12980968,0.667344585297723,0.324053137359578,0.099082897594822,1,0,0,0,0,0,0,0,0
134,1505,tamilnadu-electricity,Utilities Consumption Measures,45781,4,0.008737249077128,2,50,2,50,0,0,0,0,25.5,5.5,20,31,0.500310976638777,0.000671637174809,0.499639339463968,0.500982613813586,5E-06,1.8E-05,1.15E-05,6.5E-06,0.99997,0.999996,0.999983,1.29999999999852E-05,0.288979707288778,0.000321459609394,0.288658247679384,0.289301166898172,0.9999715,1.94999999999501E-05,0.999952,0.999991,0.577602077721577,0.001417915396948,0.576184162324629,0.579019993118526,0,0,0,0,0,0,0,0
135,1509,walking-activity,Motion patterns,149332,5,0.003348244180752,4,80,1,20,0,0,0,0,22,0,22,22,48.3073886763286,79.337913850881,-1.65532811446308,185.559916398106,-19.572,0,-11.3695,7.24215373697631,19.314,676.68,183.72675,284.606709249251,43.9869143818031,71.114627132814,2.7722346309851,167.160829693357,195.09625,278.058370978447,30.496,676.68,0.804242991784238,0.284706641629478,0.316126391550872,1,0,0,0,0,0,0,0,0
136,1510,wdbc,Disease,569,31,5.4481546572935,30,96.7741935483871,1,3.2258064516129,0,0,0,0,2,0,2,2,61.890712339543,192.569363526279,0.003794903339192,880.583128295255,0,185.2,15.6040804,41.8102136311214,0.02984,4254,264.185508333333,869.040034145334,34.9047186032116,117.664264588463,0.002646071523978,569.356992669949,248.581427933333,828.876093866238,0.028945,4068.8,0.482619669054595,0.256817616180498,0.112430438242281,1,0,0,0,0,0,0,0,0
137,1511,wholesale-customers,Retail Sales Data,440,9,2.04545454545455,7,77.7777777777778,2,22.2222222222222,0,0,0,0,2.5,0.5,2,3,4746.95422077922,3838.83609786672,2.54318181818182,12000.2977272727,1,55,13.2857142857143,18.7137404500718,3,112151,61153,33975.8647319787,5996.32526556533,3915.11482921512,0.7742724492301,12647.3288650769,61139.7142857143,33972.6826339478,2,112148,0.900635756116589,0.243391696191821,0.304450292816125,1,0,0,0,0,0,0,0,0
138,1516,robot-failures-lp1,Robot Motion Measurements,88,91,103.409090909091,90,98.9010989010989,1,1.0989010989011,0,0,0,0,4,0,4,4,-27.3872474747475,48.3916064012973,-167.034090909091,12.8068181818182,-1547,-57,-480.388888888889,434.465794445558,46,686,256.455555555556,153.796702833543,118.369365029399,111.354952391578,14.8909612257838,412.138534037094,736.844444444444,437.579196923536,115,1612,1,0,1,1,0,0,0,0,0,0,0,0
139,1517,robot-failures-lp2,Robot Motion Measurements,47,91,193.617021276596,90,98.9010989010989,1,1.0989010989011,0,0,0,0,5,0,5,5,8.58156028368794,33.0534235200844,-21.1276595744681,82.6595744680851,-423,69,-44.3777777777778,78.1096917841652,1,756,66.0222222222222,100.58594752502,18.9810141027405,24.7545334728256,3.32094521947989,169.179329997572,110.4,150.463786709996,18,1042,0.810279255900737,0.328594525114919,0.060448051803922,1,0,0,0,0,0,0,0,0
140,1518,robot-failures-lp3,Robot Motion Measurements,47,91,193.617021276596,90,98.9010989010989,1,1.0989010989011,0,0,0,0,4,0,4,4,8.58156028368794,33.0534235200844,-21.1276595744681,82.6595744680851,-423,69,-44.3777777777778,78.1096917841652,1,756,66.0222222222222,100.58594752502,18.9810141027405,24.7545334728256,3.32094521947989,169.179329997572,110.4,150.463786709996,18,1042,0.810279255900737,0.328594525114919,0.060448051803922,1,0,0,0,0,0,0,0,0
141,1519,robot-failures-lp4,Robot Motion Measurements,117,91,77.7777777777778,90,98.9010989010989,1,1.0989010989011,0,0,0,0,3,0,3,3,-28.1930674264008,65.1009821629415,-271.264957264957,13.7692307692308,-3617,-40,-786.022222222222,1095.42936257664,18,1016,247.355555555556,183.989813190907,143.901022407197,200.472827642567,11.5796425940253,765.574501354042,1033.37777777778,1054.73276844872,122,3740,1,0,1,1,0,0,0,0,0,0,0,0
142,1520,robot-failures-lp5,Robot Motion Measurements,164,91,55.4878048780488,90,98.9010989010989,1,1.0989010989011,0,0,0,0,5,0,5,5,-17.654539295393,38.1573199461284,-170.390243902439,7.26219512195122,-3617,-49,-791.544444444444,1092.61867050486,18,1016,262.633333333333,185.47083927729,125.838847678777,173.053535052764,10.4278568753325,665.280415181809,1054.17777777778,1067.82181803039,122,3978,1,0,1,1,0,0,0,0,0,0,0,0
143,1523,vertebra-column,Disease,310,7,2.25806451612903,6,85.7142857142857,1,14.2857142857143,0,0,0,0,3,0,3,3,52.856930833871,32.514393937919,17.5428219677419,117.920655109677,-11.058179,70.082575,17.66405,26.6555017062625,49.431864,418.543082,168.008663333333,117.093754949747,18.3497367167929,9.03191793716521,10.0083302490368,37.5590265465005,150.344613333333,126.248637103152,55.986812,429.601261,0.439690792020683,0.284239404945069,0.112935066749409,1,0,0,0,0,0,0,0,0
144,1524,vertebra-column,Disease,310,7,2.25806451612903,6,85.7142857142857,1,14.2857142857143,0,0,0,0,2,0,2,2,52.856930833871,32.514393937919,17.5428219677419,117.920655109677,-11.058179,70.082575,17.66405,26.6555017062625,49.431864,418.543082,168.008663333333,117.093754949747,18.3497367167929,9.03191793716521,10.0083302490368,37.5590265465005,150.344613333333,126.248637103152,55.986812,429.601261,0.439690792020683,0.284239404945069,0.112935066749409,1,0,0,0,0,0,0,0,0
145,1525,wall-robot-navigation,Robot Motion Measurements,5456,3,0.054985337243402,2,66.6666666666667,1,33.3333333333333,0,0,0,0,4,0,4,4,0.985788031524927,0.304518786656892,0.681269244868035,1.29030681818182,0.34,0.495,0.4175,0.0775,5,5,5,0,0.484646897893475,0.142052666179188,0.342594231714287,0.626699564072663,4.5825,0.0775,4.505,4.66,0.494287252415019,0.008589157014926,0.485698095400093,0.502876409429944,0,0,0,0,0,0,0,0
146,1526,wall-robot-navigation,Robot Motion Measurements,5456,5,0.091642228739003,4,80,1,20,0,0,0,0,4,0,4,4,1.28177089442815,0.424499063787105,0.681269244868035,1.88181873167155,0.34,0.836,0.5095,0.19738857616387,5,5,5,0,0.588394221535472,0.171032785775096,0.342594231714287,0.821750392582303,4.4905,0.19738857616387,4.164,4.66,0.483169612127342,0.123069248256597,0.298930331760997,0.645173611918335,0,0,0,0,0,0,0,0
147,1557,abalone,Animal Profile,4177,9,0.215465645199904,7,77.7777777777778,2,22.2222222222222,0,0,0,0,3,0,3,3,0.382703409829337,0.220641646752527,0.139516399329662,0.828742159444578,0,0.075,0.019285714285714,0.029408280105703,0.65,2.8255,1.23907142857143,0.697112228542631,0.174618388907429,0.138213549127947,0.041827056607257,0.490389018230998,1.21978571428571,0.710186940034748,0.595,2.8235,0.453069588512728,0.170902905865684,0.229188403142103,0.617648941701737,0,0,0,0,0,0,0,0
148,1590,adult,Citizen Census Data,48842,15,0.03071127308464,6,40,9,60,0,0,0,0,11.2222222222222,11.4579208679971,2,41,31819.9747655706,70591.0693838151,10.0780885303632,189664.134597273,0,12285,2050.66666666667,4576.93699128819,16,1490400,265826.666666667,548836.352754221,18914.6203266086,38861.5670507012,2.57097275559226,105604.025423157,263776,544269.552407016,15,1478115,0.578873854590175,0.312084570969986,0.255105196570405,1,3,20,2809,5.7511977396503,857,1.75463740223578,431,0.882437246631997
149,1596,covertype,Plantation Measurements,581012,55,0.009466241661102,10,18.1818181818182,45,81.8181818181818,0,0,0,0,2.11111111111111,0.737027731190089,2,7,835.340374897592,1069.53334356431,14.1037035379648,2959.36530054456,-173,1859,168.6,565.82244564881,66,7173,2133.4,2722.3912356603,363.849447915847,547.998597813993,7.48824181448014,1559.25486989761,1964.8,2652.79885404077,66,7173,0.494882591940134,0.310523463827324,0.088522348150757,1,0,0,0,0,0,0,0,0
150,1597,creditcard,Credit Card Transactions,284807,31,0.010884563932769,30,96.7741935483871,1,3.2258064516129,0,0,0,0,2,0,2,2,3163.40697314437,17019.0691704399,-2.03295564502019E-09,94813.8595750826,-113.743307,0,-26.1874894666667,26.379978175697,2.45493,172792,6636.21025983333,31196.1330947485,1592.18683412276,8522.78285843395,0.330083264040558,47488.1459545663,6662.3977493,31190.5968269706,6.121897,172792,0.983361886179717,0.089598985002086,0.500856585391513,1,0,0,0,0,0,0,0,0
151,4532,higgs,Particle accelerator simulations,98050,29,0.029576746557879,24,82.7586206896552,5,17.2413793103448,0,0,0,0,2.8,0.4,2,3,0.541883098855726,0.500427629758056,-0.007896417287098,1.05012875989557,-2.968735,0.365354,-0.884134291666667,1.24387297479691,1.741454,18.428827,5.71542554166667,4.06493316181106,0.707774228923752,0.290240643947178,0.164565333983398,1.00900646291936,6.59955983333333,3.26781346975574,3.482691,18.317952,0.704761003503498,0.287010442541318,0.156709672440324,1,9,31.0344827586207,1,0.001019887812341,1,0.001019887812341,0.310344827586207,0.000316516907278
152,4549,Buzzinsocialmedia_Twitter,Social Media Buzz Events,583250,78,0.013373339048436,71,91.025641025641,7,8.97435897435897,0,0,7,0,2,0,2,2,81.9107643417175,86.5948375110957,0.000110736241749,234.217820831547,0,0,0,0,0.022498,79136,27684.9606349014,31670.2189830898,247.120065654756,264.037164909003,0.000342242585984,696.419518392448,27684.9606349014,31670.2189830898,0.022498,79136,0.927411363098449,0.219833197639275,0.204987417890199,1,0,0,0,0,0,0,0,0
153,4552,BachChoralHarmony,Sound Measurements,5665,17,0.30008826125331,2,11.7647058823529,15,88.2352941176471,0,0,0,0,13.6,28.0209445474869,2,102,28.2546337157988,25.1197705207414,3.13486319505737,53.3744042365402,1,1,1,0,5,207,106,101,19.1889586297361,18.079248937924,1.10970969181211,37.2682075676601,105,101,4,206,0.526115510726061,0.172125679985839,0.353989830740222,0.6982411907119,0,0,0,0,0,0,0,0
154,4675,Physical_Activity_Recognition_Dataset_Using_Smartphone_Sensors,Motion patterns,644412,11,0.001706982489463,9,81.8181818181818,1,9.09090909090909,1,9.09090909090909,0,0,6,0,6,6,9.33961349306115,48.6480097452951,-40.5065974222066,141.216321749359,-868.8,-7.923228,-186.918827111111,280.924246724615,9.36487,1360.38,194.193852888889,416.047087930042,60.8205362652515,117.812882986163,1.1421043309287,384.007511003117,381.11268,683.256610666372,17.880026,2229.18,1,0,1,1,0,0,0,0,0,0,0,0
155,6331,LoanDefaultPrediction,Loan Transactions,105471,771,0.731006627414171,731,94.8119325551232,40,5.18806744487678,0,0,34,0,8.6,12.8019529760111,1,64,2.28657908177262E+037,4.39354685700186E+038,-8.78610964151284,9.30485435580836E+039,-152191.19,9.34276496766E+027,2.45836572204625E+025,4.69720498284994E+026,0,8.99320641702E+041,2.22795905577521E+039,4.27676718519409E+040,7.31728399632946E+037,1.40565489045436E+039,0.004314891547218,2.97209806507248E+040,2.22795905577518E+039,4.27676718519404E+040,0.237422,8.99320641701991E+041,0.774889053451482,0.320939343469929,0.040137311973211,1,525,68.0933852140078,18833,17.856093144087,1,0.000948127921419,1019.39688715953,0.966518651723728
156,3,kr-vs-kp,Chess Boards,3196,37,1.15769712140175,0,0,37,100,0,0,0,0,2.02702702702703,0.162162162162162,2,3,0,0,0,0,0,0,0,0,0,0,0,0,0,0,0,0,0,0,0,0,0,0,0,0,0,0,0,0,0,0,0,0
157,10,lymph,Disease,148,19,12.8378378378378,0,0,19,100,0,0,3,0,3.31578947368421,1.80795410919133,2,8,0,0,0,0,0,0,0,0,0,0,0,0,0,0,0,0,0,0,0,0,0,0,0,0,0,0,0,0,0,0,0,0
158,20,mfeat-pixel,Digit Handwriting Recognition,2000,241,12.05,0,0,241,100,0,0,0,0,6.87966804979253,0.529269336810568,5,10,0,0,0,0,0,0,0,0,0,0,0,0,0,0,0,0,0,0,0,0,0,0,0,0,0,0,0,0,0,0,0,0
159,24,mushroom,Plant profiles,8124,23,0.283111767602166,0,0,23,100,0,0,0,0,5.1304347826087,3.11105109913014,1,12,0,0,0,0,0,0,0,0,0,0,0,0,0,0,0,0,0,0,0,0,0,0,0,0,1,4.34782608695652,2480,30.5268340718858,2480,30.5268340718858,107.826086956522,1.32725365529938
160,34,postoperative-patient-data,Disease,90,9,10,0,0,9,100,0,0,0,0,2.88888888888889,0.566557723732532,2,4,0,0,0,0,0,0,0,0,0,0,0,0,0,0,0,0,0,0,0,0,0,0,0,0,1,11.1111111111111,3,3.33333333333333,3,3.33333333333333,0.333333333333333,0.37037037037037
161,56,vote,Voting Results,435,17,3.90804597701149,0,0,17,100,0,0,0,0,2,0,2,2,0,0,0,0,0,0,0,0,0,0,0,0,0,0,0,0,0,0,0,0,0,0,0,0,16,94.1176470588235,104,23.9080459770115,7,1.60919540229885,23.0588235294118,5.30087897227857
162,164,molecular-biology_promoters,DNA,106,59,55.6603773584906,0,0,59,100,0,0,0,0,5.69491525423729,13.1732320233863,2,106,0,0,0,0,0,0,0,0,0,0,0,0,0,0,0,0,0,0,0,0,0,0,0,0,0,0,0,0,0,0,0,0
163,171,primary-tumor,Disease,339,18,5.30973451327434,0,0,18,100,0,0,0,0,3.22222222222222,4.32763157647788,2,21,0,0,0,0,0,0,0,0,0,0,0,0,0,0,0,0,0,0,0,0,0,0,0,0,5,27.7777777777778,155,45.7227138643068,1,0.294985250737463,12.5,3.68731563421829
164,172,shuttle-landing-control,Aircraft Landing,15,7,46.6666666666667,0,0,7,100,0,0,0,0,2.57142857142857,0.903507902905251,2,4,0,0,0,0,0,0,0,0,0,0,0,0,0,0,0,0,0,0,0,0,0,0,0,0,5,71.4285714285714,8,53.3333333333333,2,13.3333333333333,3.71428571428571,24.7619047619048
165,301,ozone_level,Geographical Measurements,2536,73,2.87854889589905,0,0,73,100,0,0,0,0,311.095890410959,388.542558250898,2,1688,0,0,0,0,0,0,0,0,0,0,0,0,0,0,0,0,0,0,0,0,0,0,0,0,0,0,0,0,0,0,0,0
166,329,hayes-roth,Citizen Census Data,160,5,3.125,0,0,5,100,0,0,0,0,3.6,0.489897948556636,3,4,0,0,0,0,0,0,0,0,0,0,0,0,0,0,0,0,0,0,0,0,0,0,0,0,0,0,0,0,0,0,0,0
167,354,poker,Poker Hands,1025010,11,0.001073160261851,0,0,11,100,0,0,0,0,7.90909090909091,4.67983188226682,2,13,0,0,0,0,0,0,0,0,0,0,0,0,0,0,0,0,0,0,0,0,0,0,0,0,0,0,0,0,0,0,0,0
168,381,ipums_la_98-small,Citizen Census Data,7485,61,0.814963259853039,0,0,61,100,0,0,0,0,153.344262295082,534.146412213162,1,3594,0,0,0,0,0,0,0,0,0,0,0,0,0,0,0,0,0,0,0,0,0,0,0,0,17,27.8688524590164,5314,70.9953239812959,132,1.76352705410822,853.245901639344,11.399410843545
169,382,ipums_la_97-small,Citizen Census Data,7019,61,0.869069668043881,0,0,61,100,0,0,0,0,49.0327868852459,94.084539454495,1,488,0,0,0,0,0,0,0,0,0,0,0,0,0,0,0,0,0,0,0,0,0,0,0,0,18,29.5081967213115,6276,89.4144465023508,135,1.92335090468728,788.344262295082,11.2315751858539
170,1027,ESL,Employee Test Data,488,5,1.02459016393443,0,0,5,100,0,0,0,0,8.6,1.35646599662505,7,10,0,0,0,0,0,0,0,0,0,0,0,0,0,0,0,0,0,0,0,0,0,0,0,0,0,0,0,0,0,0,0,0
171,1029,LEV,University faculty evaluations,1000,5,0.5,0,0,5,100,0,0,0,0,5,0,5,5,0,0,0,0,0,0,0,0,0,0,0,0,0,0,0,0,0,0,0,0,0,0,0,0,0,0,0,0,0,0,0,0
172,1030,ERA,Employee Test Data,1000,5,0.5,0,0,5,100,0,0,0,0,12.8,2.03960780543711,9,15,0,0,0,0,0,0,0,0,0,0,0,0,0,0,0,0,0,0,0,0,0,0,0,0,0,0,0,0,0,0,0,0
173,1035,ESL,Employee Test Data,488,5,1.02459016393443,0,0,5,100,0,0,0,0,8.6,1.35646599662505,7,10,0,0,0,0,0,0,0,0,0,0,0,0,0,0,0,0,0,0,0,0,0,0,0,0,0,0,0,0,0,0,0,0
174,1463,blogger,Web Blogger,100,6,6,0,0,6,100,0,0,0,0,2.83333333333333,1.06718737290547,2,5,0,0,0,0,0,0,0,0,0,0,0,0,0,0,0,0,0,0,0,0,0,0,0,0,0,0,0,0,0,0,0,0
175,1472,energy-efficiency,Constructions,768,10,1.30208333333333,0,0,10,100,0,0,0,0,12.6,12.8467894822014,2,38,0,0,0,0,0,0,0,0,0,0,0,0,0,0,0,0,0,0,0,0,0,0,0,0,0,0,0,0,0,0,0,0
176,1481,kr-vs-k,Chess Boards,28056,7,0.024950099800399,0,0,7,100,0,0,3,0,8.28571428571429,4.33307168231517,4,18,0,0,0,0,0,0,0,0,0,0,0,0,0,0,0,0,0,0,0,0,0,0,0,0,0,0,0,0,0,0,0,0
177,1495,qualitative-bankruptcy,Bankruptcy Evaluation,250,7,2.8,0,0,7,100,0,0,0,0,2.85714285714286,0.349927106111883,2,3,0,0,0,0,0,0,0,0,0,0,0,0,0,0,0,0,0,0,0,0,0,0,0,0,0,0,0,0,0,0,0,0
178,1501,semeion,Digit Handwriting Recognition,1593,257,16.1330822347771,0,0,257,100,0,0,256,0,2.03112840466926,0.498054474708171,2,10,0,0,0,0,0,0,0,0,0,0,0,0,0,0,0,0,0,0,0,0,0,0,0,0,0,0,0,0,0,0,0,0
179,1567,poker-hand,Poker Hands,1025009,11,0.001073161308828,0,0,11,100,0,0,10,0,8.63636363636364,4.31219680932052,4,13,0,0,0,0,0,0,0,0,0,0,0,0,0,0,0,0,0,0,0,0,0,0,0,0,0,0,0,0,0,0,0,0
180,4135,Amazon_employee_access,Employee HR Records,32769,10,0.030516646830846,0,0,10,100,0,0,0,0,1562.8,2369.58231762477,2,7518,0,0,0,0,0,0,0,0,0,0,0,0,0,0,0,0,0,0,0,0,0,0,0,0,0,0,0,0,0,0,0,0
181,4534,PhishingWebsites,Websites,11055,31,0.280416101311624,0,0,31,100,0,0,0,0,2.25806451612903,0.437569676330663,2,3,0,0,0,0,0,0,0,0,0,0,0,0,0,0,0,0,0,0,0,0,0,0,0,0,0,0,0,0,0,0,0,0
182,189,kin8nm,Robot Motion Measurements,8192,9,0.10986328125,9,100,0,0,0,0,0,0,0,0,0,0,0.081562861775716,0.223950276688631,-0.012944915039063,0.714283496459961,-1.570681,0.040165,-1.39139511111111,0.506133212806766,1.458521,1.570753,1.55808788888889,0.035202737739003,0.833984210330891,0.201702496213092,0.263606798036304,0.913242722244034,2.949483,0.541335567695717,1.418356,3.141405,0.929894518126324,0.198288246524907,0.369050663136917,1,0,0,0,0,0,0,0,0
183,197,cpu_act,CPU Performance Data,8192,22,0.2685546875,22,100,0,0,0,0,0,0,0,0,0,0,73907.6266507236,277305.752139341,1.1275048828125,1328125.95983887,0,1498,88.9181818181818,313.509626699178,20.12,2526649,300777.750454545,758940.172052496,36701.7587902721,101273.37230412,2.47949342688705,422019.426956799,300688.832272727,758771.355694333,20.12,2526371,0.917754247084442,0.214733095763465,0.219151502828671,1,0,0,0,0,0,0,0,0
184,208,detroit,Criminal Demographics,13,14,107.692307692308,14,100,0,0,0,0,0,0,0,0,0,0,32568.3185164835,116470.398009611,3.94769230769231,452507.538461538,2.91,359647,25844.2578571429,92580.3556131067,5.76,558724,40277.7757142857,143791.569944038,4684.07808827469,16609.1495516778,0.966558791505151,64568.1238958969,14433.5178571429,51211.7258858096,2.85,199077,0.281337045370605,0.185197505285951,0.08953635551325,0.652595054502924,0,0,0,0,0,0,0,0
185,211,longley,Country Census Data,16,7,43.75,7,100,0,0,0,0,0,0,0,0,0,0,82613.6598214286,131263.361036983,101.68125,387698.4375,83,234289,58203.4285714286,81404.9026934534,116.9,554894,109429.271428571,187472.809785425,15929.8491528537,34153.2511282735,4.76095228569523,99394.937795288,51225.8428571429,110223.752841493,15,320605,0.14822177753465,0.111173887201057,0.002435892701814,0.292631631614914,0,0,0,0,0,0,0,0
186,212,diabetes_numeric,Health Measurements,43,3,6.97674418604651,3,100,0,0,0,0,0,0,0,0,0,0,1.87674418604651,7.30190661909765,-8.14883720930233,9.03255813953488,-29,3,-8.36666666666667,14.615136750035,-0.2,15.6,7.33333333333333,6.4711324785972,3.95539468946778,2.6142471318674,0.720564870087648,7.1230802624461,15.7,10.3121287811974,3.6,28.8,0.490423125845109,0.296601319972698,0.151809355285492,0.874122292480543,0,0,0,0,0,0,0,0
187,225,puma8NH,Robot Motion Measurements,8192,9,0.10986328125,9,100,0,0,0,0,0,0,0,0,0,0,0.131478262356228,0.364479937602013,-0.014780120727539,1.16204708081055,-12.415322,-0.599872,-2.76911,3.45053331470742,0.599912,11.87619,2.70917566666667,3.28317738380138,1.42613427308243,1.51418203723408,0.343691472396418,5.62233263744546,5.47828566666667,6.73365902669685,1.199784,24.291512,1,0,1,1,0,0,0,0,0,0,0,0
188,227,cpu_small,CPU Performance Data,8192,13,0.15869140625,13,100,0,0,0,0,0,0,0,0,0,0,125046.85950477,351771.409017186,1.88455444335938,1328125.95983887,0,1498,150.461538461538,396.32748994984,20.12,2526649,508628.821538461,932280.759773675,62074.4140331169,125630.975701538,2.47949342688705,422019.426956799,508478.36,932081.729212604,20.12,2526371,0.860814879681363,0.264778599532967,0.219151502828671,1,0,0,0,0,0,0,0,0
189,308,puma32H,Robot Motion Measurements,8192,33,0.40283203125,33,100,0,0,0,0,0,0,0,0,0,0,0.640603809037642,0.685171561724723,-0.530320482666016,1.38573826940918,-74.999533,0.251439,-12.1057502727273,26.5946241217127,0.089805,74.996991,13.3570670909091,26.0464150067384,7.35793373232244,15.211625096297,0.030259758691198,43.7473024031981,25.4628173636364,52.6261108938403,0.176466,149.996524,0.760024356580266,0.262886187791458,0.467629171290856,1,0,0,0,0,0,0,0,0
190,493,wind_correlations,Geographical Measurements,45,47,104.444444444444,47,100,0,0,0,0,0,0,0,0,0,0,2.93964302600473,22.3680350665572,-33.8604888888889,150.879933333333,-34.951,149.56,2.48617021276596,22.2653065708611,-33.283,151.577,3.47434042553191,22.389685159548,0.205159472336615,0.067315458280076,0.128511729606541,0.530717841487099,0.988170212765957,0.215324032826623,0.754,2.017,0.423526038670919,0.195471134396926,0.003517484596938,1,0,0,0,0,0,0,0,0
191,505,tecator,Signal Measurements,240,125,52.0833333333333,125,100,0,0,0,0,0,0,0,0,0,0,3.3551939495,5.8188217194906,-0.148867816666667,62.845375,-5.75196,32.8,1.61001984,3.65484502165572,1.44907,76.6,5.9179372,8.16084470775976,0.825894300658361,1.56317180853274,0.412087651427074,14.3625049909985,4.30791736,6.32358012376801,2.17086,57.6,0.314224402308241,0.321750304764954,0.146170867878583,1,0,0,0,0,0,0,0,0
192,507,space_ga,Voting Demographics,3107,7,0.225297714837464,7,100,0,0,0,0,0,0,0,0,0,0,-7622530.9576578,36754784.7900656,-91638847.1477311,38281091.6195688,-124229902,25117067,-14158974.1896733,45764302.6119163,-67609990,48833747,-2682311.48637972,31408556.6810141,2330599.68224501,4089720.68336554,0.198055890773802,11475690.4922899,11476662.7032936,20164675.0442254,3.157128,56619912,0.1639346582257,0.074211711739907,0.118749684009353,0.343707326398648,0,0,0,0,0,0,0,0
193,537,houses,Household Census Data,20640,9,0.043604651162791,9,100,0,0,0,0,0,0,0,0,0,0,23544.7851936343,64815.6799510099,-119.569704457364,206855.816908915,-124.35,14999,1657.29887777778,4717.18822665754,-114.31,500001,65280.5155666667,154396.640225295,13281.3217522209,36109.3590632747,1.89982171794527,115395.615874414,63623.2166888889,149700.857100654,9.41,485002,0.526163629027386,0.293026031039626,0.016756181949224,0.827697780191935,0,0,0,0,0,0,0,0
194,542,pollution,City Census Data,60,16,26.6666666666667,16,100,0,0,0,0,0,0,0,0,0,0,331.909266666667,941.107047815618,3.26316666666667,3876.05,0.8,1441,155.3783125,381.357404851689,3.53,9699,786.567875,2319.00514377291,110.848594823172,347.914487304811,0.135252327486056,1454.10236071046,631.1895625,1976.91069572714,0.61,8258,0.353394663459242,0.355197808655693,0.041448182487172,1,0,0,0,0,0,0,0,0
195,552,detroit,Criminal Demographics,13,14,107.692307692308,14,100,0,0,0,0,0,0,0,0,0,0,32568.3222527472,116470.396969089,3.94769230769231,452507.538461538,2.91,359647,25844.2578571429,92580.3556131067,5.76,558724,40277.7821428572,143791.568175291,4684.08046042701,16609.148908345,0.966558791505151,64568.1238958969,14433.5242857143,51211.7241486337,2.85,199077,0.281303764526197,0.185130119711868,0.08953635551325,0.652106695847019,0,0,0,0,0,0,0,0
196,562,cpu_small,CPU Performance Data,8192,13,0.15869140625,13,100,0,0,0,0,0,0,0,0,0,0,125046.85950477,351771.409017186,1.88455444335938,1328125.95983887,0,1498,150.461538461538,396.32748994984,20.12,2526649,508628.821538461,932280.759773675,62074.4140331169,125630.975701538,2.47949342688705,422019.426956799,508478.36,932081.729212604,20.12,2526371,0.860814879681363,0.264778599532967,0.219151502828671,1,0,0,0,0,0,0,0,0
197,573,cpu_act,CPU Performance Data,8192,22,0.2685546875,22,100,0,0,0,0,0,0,0,0,0,0,73907.6266507236,277305.752139341,1.1275048828125,1328125.95983887,0,1498,88.9181818181818,313.509626699178,20.12,2526649,300777.750454545,758940.172052496,36701.7587902721,101273.37230412,2.47949342688705,422019.426956799,300688.832272727,758771.355694333,20.12,2526371,0.917754247084442,0.214733095763465,0.219151502828671,1,0,0,0,0,0,0,0,0
198,666,rmftsa_ladata,Pollution Measures,508,11,2.16535433070866,11,100,0,0,0,0,0,0,0,0,0,0,47.9483231925555,47.9241933380038,2.84442913385827,169.048169291339,0.86,142.13,30.3118181818182,41.0703046490642,6.57,231.73,78.3036363636364,63.6189863416614,8.17413555718294,4.86058667471777,1.05061974238747,15.1382556186408,47.9918181818182,28.7003996862197,5.71,89.6,0.290041017436785,0.141302451647598,0.08389841239943,0.533373278476528,0,0,0,0,0,0,0,0
199,1089,USCrime,Criminal Demographics,47,14,29.7872340425532,14,100,0,0,0,0,0,0,0,0,0,0,216.505927051672,268.957726614076,0.340425531914894,983.021276595744,0,934,160.657142857143,249.591751564389,1,1071,306.45,288.205910393445,35.302185208408,29.056585993173,0.478975162498508,102.828818710743,145.792857142857,119.956006604122,1,421,0.375052689466405,0.343925039386501,0.029976325147001,1,0,0,0,0,0,0,0,0
200,1099,EgyptianSkulls,Human Bones,150,5,3.33333333333333,5,100,0,0,0,0,0,0,0,0,0,0,-285.217333333333,777.980921715236,-1840,133.973333333333,-4000,120,-727.2,1636.64038811218,60,150,123.4,34.3138456020307,332.769754657408,656.332026382263,3.20793200372018,1645.43297172189,850.6,1649.70962293368,16,4150,0.217352380630285,0.338609454365212,0.036504873800305,0.894257049848853,0,0,0,0,0,0,0,0
201,4544,GeographicalOriginalofMusic,Sound Measurements,1059,118,11.1425873465534,118,100,0,0,0,0,0,0,0,0,0,0,0.554474009738961,4.26760167180285,-0.068595067044382,38.405656279509,-88.76,-0.750757,-2.7906036440678,8.62412627412786,2.28023,149.12,8.70348781355933,13.8586824241587,1.57313533242219,4.7909127856423,0.906945993588583,50.4197898256925,11.4940914576271,22.2710703288576,4.705856,237.88,0.99739515233141,0.02817573550162,0.692627975106408,1,0,0,0,0,0,0,0,0
202,4548,BuzzinsocialmediaTomsHardware,Social Media Buzz Events,28179,97,0.344227971184215,97,100,0,0,0,0,0,0,0,0,0,0,312.129669145131,972.010067228956,0.001539452109727,3942.77234820257,0,0,0,0,0.107367,330561,23717.3697370515,74326.3886648485,1154.74172430728,3607.1420884894,0.005866848980163,15026.7813466948,23717.3697370515,74326.3886648485,0.107367,330561,1,0,1,1,0,0,0,0,0,0,0,0
203,4563,SpokenArabicDigit,Voice Recognition,178526,13,0.007281852503277,13,100,0,0,0,0,0,0,0,0,0,0,-0.489649342204007,1.10000082053357,-3.22572259396069,2.19354155627537,-11.656,-2.375,-4.71951538461539,2.4764759297301,1.9124,7.8324,3.34795384615385,1.50721111053362,1.08559563677453,0.628064663142156,0.517794351594884,2.77736122072,8.06746923076923,3.38807329758706,4.6577,15.3007,0.965920678454816,0.118054232807471,0.556968819912607,1,13,100,4400,2.46462700110908,4400,2.46462700110908,4400,2.46462700110908
